Actual_RUL,Predicted_RUL,Uncertainty,Lower_Bound,Upper_Bound
125.0,118.92065826416015,4.73159343919922,109.64673512332968,128.19458140499063
125.0,119.93178527832032,5.187478272997967,109.7643278632443,130.09924269339632
125.0,119.26629791259765,4.638961953804792,110.17393248314026,128.35866334205505
125.0,117.86481796264648,5.610646045682736,106.86795171310833,128.86168421218466
125.0,117.84961715698242,5.388570564790678,107.2880188499927,128.41121546397216
125.0,118.50098815917968,5.192662680107495,108.323369306169,128.67860701219038
125.0,119.38130035400391,5.302314484192997,108.98876396498564,129.77383674302217
125.0,118.50059356689454,4.31074087166873,110.05154145842383,126.94964567536525
125.0,118.91413726806641,4.671941095527222,109.75713272083306,128.07114181529977
125.0,118.14857345581055,4.833541554075423,108.67483200982272,127.62231490179838
125.0,119.95867904663086,5.56031998038093,109.06045188508423,130.8569062081775
125.0,120.16282760620118,5.256723238881269,109.85965005799389,130.46600515440846
125.0,119.90964920043945,4.918013746109633,110.27034225806457,129.54895614281432
125.0,120.08296020507812,5.142790771068665,110.00309029378354,130.1628301163727
125.0,119.06952957153321,4.799110576793306,109.66327284101833,128.47578630204808
125.0,118.89913375854492,5.684029848350152,107.75843525577862,130.0398322613112
125.0,120.27912109375,5.208547635895799,110.07036772739424,130.4878744601058
125.0,118.74250503540038,3.9373616744758,111.02527615342781,126.45973391737296
125.0,120.41052169799805,5.664688698414909,109.30773184910483,131.51331154689126
125.0,118.79960464477539,4.772971115977039,109.44458125746038,128.1546280320904
125.0,118.90295059204101,5.68414926572016,107.7620180312295,130.04388315285252
125.0,120.15217346191406,5.704254735330388,108.9718341806665,131.33251274316163
125.0,120.24447494506836,5.795787149115245,108.88473213280248,131.60421775733425
125.0,118.44277572631836,5.408771631305498,107.84158332895959,129.04396812367713
125.0,119.85752365112305,4.5332625981001895,110.97232895884667,128.74271834339942
125.0,122.90685638427735,5.762348755495026,111.61265282350709,134.2010599450476
125.0,115.2077375793457,4.605876967394609,106.18021872325227,124.23525643543914
125.0,114.54380508422851,6.299382110142993,102.19701614834824,126.89059402010878
125.0,115.75474502563476,5.036660270178768,105.88289089608438,125.62659915518515
125.0,113.2520198059082,4.263817298281767,104.89493790127594,121.60910171054047
125.0,114.25503082275391,5.5516070767158325,103.37388095239088,125.13618069311694
125.0,110.64502151489258,4.61178684719573,101.60591929438894,119.68412373539621
125.0,114.32346328735352,3.8710939789535503,106.73611908860457,121.91080748610247
125.0,118.71552597045898,4.271307898821412,110.34376248876902,127.08728945214895
125.0,116.13283950805663,5.491142102289795,105.37020098756864,126.89547802854463
125.0,117.47705825805664,4.728191556327485,108.20980280765477,126.74431370845852
125.0,117.88519088745117,4.104359398387234,109.8406464666122,125.92973530829015
125.0,118.77511672973633,4.556890030351323,109.84361227024773,127.70662118922492
125.0,117.99234817504883,5.162821546108975,107.87321794467525,128.11147840542242
125.0,119.55715682983399,4.569673868123048,110.60059604831281,128.51371761135516
125.0,116.48075546264648,5.04727348448861,106.58809943304881,126.37341149224416
125.0,119.65424896240235,6.03557602683844,107.82451994979901,131.4839779750057
125.0,118.0611540222168,6.2815545638831045,105.74930707700591,130.37300096742769
125.0,117.58742492675782,4.8673022649854705,108.0475124873863,127.12733736612934
125.0,118.69122894287109,5.070712843657172,108.75263176930304,128.62982611643915
125.0,118.6019303894043,4.981244186717857,108.8386917834373,128.3651689953713
125.0,117.46226531982421,5.0841652592754905,107.49730141164426,127.42722922800417
125.0,117.11053955078125,4.999629276694159,107.3112661684607,126.9098129331018
125.0,115.44384170532227,4.618913854166119,106.39077055115668,124.49691285948786
125.0,117.74101593017578,5.004153551353927,107.93287496952209,127.54915689082947
125.0,116.2520671081543,5.460537285645134,105.54941402828983,126.95472018801875
125.0,117.27745803833008,5.273885036479778,106.94064336682972,127.61427270983044
125.0,117.74445114135742,4.897650241080423,108.14505666883979,127.34384561387505
125.0,117.81967208862305,6.169783595743406,105.72689624096597,129.91244793628013
125.0,116.03225479125976,5.35556664278879,105.53534417139373,126.52916541112579
125.0,118.59281143188477,4.445807876146441,109.87902799463774,127.3065948691318
125.0,118.6251123046875,6.168949242631828,106.53397178912913,130.7162528202459
125.0,115.59258422851562,4.679489512144046,106.42078478471329,124.76438367231795
125.0,116.27474594116211,4.84491949388186,106.77870373315366,125.77078814917056
125.0,119.09548797607422,5.819946859903469,107.68839213066343,130.50258382148502
125.0,119.14873458862304,5.813227468437066,107.75480875048639,130.54266042675968
125.0,117.63128860473633,6.278665249674512,105.32510471537428,129.93747249409836
125.0,117.58180480957031,5.864247387634479,106.08787992980673,129.07572968933388
125.0,119.06404418945313,5.4408784025262165,108.39992252050175,129.7281658584045
125.0,119.000625,4.224017059214423,110.72155156393973,127.27969843606027
125.0,117.37031707763671,5.315580036686878,106.95178020573043,127.788853949543
125.0,118.0234181213379,4.401465610453166,109.3965455248497,126.6502907178261
125.0,117.15417434692382,5.772296757717687,105.84047270179715,128.4678759920505
125.0,117.6050651550293,4.554714414304344,108.67782490299278,126.5323054070658
125.0,118.17678421020508,5.007173750627249,108.36272365897568,127.99084476143449
125.0,116.0747346496582,5.913074292930989,104.48510903551346,127.66436026380293
125.0,116.72974349975586,6.07865383011704,104.81558199272646,128.64390500678525
125.0,115.91069107055664,4.034081186060766,108.00389194587754,123.81749019523573
125.0,113.05057266235352,6.08310720051287,101.1276825493483,124.97346277535874
125.0,113.33758453369141,5.379748316776567,102.79327783280934,123.88189123457349
125.0,113.16384033203126,4.79395137729843,103.76769563252634,122.55998503153617
125.0,113.4990185546875,5.146547233557505,103.41178597691479,123.5862511324602
125.0,111.83594512939453,4.67612174690615,102.67074650545848,121.00114375333058
125.0,107.89914245605469,4.643674637929462,98.79754016571295,117.00074474639644
125.0,106.14433670043945,4.866793555497185,96.60542133166497,115.68325206921394
125.0,103.97035232543945,4.257693218821125,95.62527361655005,112.31543103432885
125.0,105.02896469116212,4.558347044030007,96.09460448486331,113.96332489746092
125.0,106.08382217407227,4.810250181728911,96.6557318178836,115.51191253026093
125.0,103.68422103881836,4.644976567644482,94.58006696623518,112.78837511140155
125.0,108.25022964477539,5.377506377045201,97.7103171457668,118.79014214378398
125.0,110.85780090332031,6.037224319199044,99.02484123769018,122.69076056895044
125.0,111.90847610473632,5.154687291191838,101.80528901400032,122.01166319547232
125.0,113.28405303955078,5.649312864228269,102.21139982566338,124.35670625343819
125.0,114.69679122924805,4.312137493399682,106.24500174218467,123.14858071631143
125.0,115.12330764770508,4.768918006278269,105.77622835539967,124.47038694001048
125.0,109.99667144775391,5.69448737163068,98.83547619935779,121.15786669615004
125.0,98.01843765258789,4.700653606518462,88.80515658381171,107.23171872136408
125.0,95.8966862487793,4.293455438322171,87.48151358966786,104.31185890789075
125.0,97.82215591430663,4.334469160509803,89.32659635970742,106.31771546890585
125.0,107.19554565429688,4.636466974761932,98.10807038376349,116.28302092483027
125.0,111.24102127075196,5.420805414237633,100.6162426588462,121.86579988265771
125.0,114.88356994628906,4.707370192633266,105.65712436872786,124.11001552385025
125.0,117.2627409362793,4.166808557262244,109.0957961640453,125.4296857085133
125.0,116.6159065246582,4.694229437339913,107.41521682747197,125.81659622184443
125.0,117.29118148803711,4.557845797495647,108.35780372494564,126.22455925112858
125.0,117.44640060424804,6.065494470415775,105.55803144223313,129.33476976626295
125.0,116.8317138671875,5.6133466046031355,105.82955452216535,127.83387321220965
125.0,114.0194694519043,4.825623209457942,104.56124796136673,123.47769094244187
125.0,115.08957580566407,5.681375475154195,103.95407987436185,126.22507173696629
125.0,113.84096984863281,5.239388893966958,103.57176761645758,124.11017208080804
125.0,112.34067626953124,4.345621724039449,103.82325769041393,120.85809484864856
125.0,112.14773468017579,4.795029115628125,102.74947761354466,121.54599174680692
125.0,114.17600204467773,5.194439487618659,103.99490064894516,124.3571034404103
125.0,113.82016250610351,5.409348489579508,103.21783946652768,124.42248554567935
125.0,112.46013031005859,5.4718989274766345,101.73520841220439,123.18505220791279
125.0,107.67726531982422,4.495876461795138,98.86534745470574,116.48918318494269
125.0,107.88358291625977,3.8947541058666273,100.24986486876118,115.51730096375836
125.0,111.68677886962891,5.286210462034335,101.32580636404161,122.04775137521621
125.0,109.72055068969726,5.222101439221981,99.48523186882218,119.95586951057234
124.0,113.31359436035156,4.476960005751618,104.53875274907838,122.08843597162473
123.0,115.3852360534668,5.380684394556947,104.83909464013519,125.93137746679841
122.0,113.93088424682617,4.8627337924851615,104.39992601355524,123.46184248009709
121.0,109.67063278198242,4.881552225237433,100.10279042051705,119.23847514344779
120.0,109.82664199829101,4.577349687444294,100.85503661090019,118.79824738568183
119.0,108.90110183715821,4.736772728529095,99.61702728924118,118.18517638507524
118.0,110.60160430908203,5.986973477048888,98.86713629406621,122.33607232409786
117.0,103.61210601806641,4.32271127646094,95.13959191620297,112.08462011992985
116.0,101.32552551269531,4.7461824083554065,92.02300799231871,110.6280430330719
115.0,103.39262954711914,4.705389220046538,94.17006667582793,112.61519241841036
114.0,98.83499389648438,5.0315676864531875,88.97312123103613,108.69686656193262
113.0,101.97047088623047,4.558200635028734,93.03639764157415,110.90454413088679
112.0,108.1450730895996,4.2421916052518664,99.83037754330594,116.45976863589327
111.0,101.21709213256835,4.546407674621462,92.30613309031028,110.12805117482642
110.0,97.64328231811524,4.229173944709173,89.35410138648525,105.93246324974523
109.0,87.79005950927734,4.619260067379004,78.7363097772145,96.84380924134018
108.0,93.18456634521485,5.360890276222228,82.67722140381929,103.6919112866104
107.0,100.2076872253418,4.564414881015187,91.26143405855203,109.15394039213157
106.0,100.96886367797852,4.558652752628679,92.03390428282631,109.90382307313072
105.0,103.07385696411133,4.863270066133553,93.54184763448957,112.60586629373309
104.0,105.88701904296875,5.016862320612027,96.05396889456917,115.72006919136832
103.0,99.75185928344726,5.709194896695922,88.56183728592325,110.94188128097127
102.0,101.44695724487305,4.499409757015168,92.62811412112332,110.26580036862278
101.0,100.48198104858399,4.543969159784722,91.57580149540594,109.38816060176204
100.0,98.15631164550781,4.475227566032653,89.38486561608381,106.92775767493181
99.0,98.25787521362305,5.2602188723029855,87.9478462239092,108.56790420333691
98.0,101.9665444946289,4.0655475674919135,93.99807126234475,109.93501772691306
97.0,99.09698791503907,4.722074733812057,89.84172143676743,108.3522543933107
96.0,97.94812408447265,4.323153434300072,89.47474335324452,106.42150481570079
95.0,94.62972213745117,4.856740878301188,85.11051001598084,104.1489342589215
94.0,89.66921600341797,5.292895661958674,79.29514050597896,100.04329150085698
93.0,84.3280012512207,4.086164546490311,76.3191187400997,92.3368837623417
92.0,76.59804367065429,3.994755969166762,68.76832197108743,84.42776537022115
91.0,78.01534973144531,3.9063754270502984,70.35885389442673,85.6718455684639
90.0,72.13505455017089,4.162555874127422,63.976445036881145,80.29366406346064
89.0,65.36351020812988,3.7746705037698574,57.96515602074096,72.7618643955188
88.0,65.67391136169434,3.7316684382224636,58.35984122277831,72.98798150061036
87.0,63.36102851867676,4.291719206374189,54.94925887418335,71.77279816317017
86.0,62.25734970092773,3.0997856603790397,56.18176980658482,68.33292959527066
85.0,60.42413963317871,3.763412151151644,53.047851816921494,67.80042744943593
84.0,65.31086372375488,3.7329379905312887,57.99430526231355,72.62742218519621
83.0,65.59211822509765,3.6928192108086977,58.354192571912606,72.8300438782827
82.0,65.48696968078613,3.6197726534628405,58.392215279998965,72.5817240815733
81.0,64.54753211975098,3.120950526533461,58.4304690877454,70.66459515175657
80.0,61.73713645935059,4.041371061472935,53.816049178863636,69.65822373983754
79.0,67.84104064941407,4.5171236877166905,58.987478221489354,76.69460307733878
78.0,67.69449378967285,3.444772535436789,60.94273962021674,74.44624795912895
77.0,72.66763626098633,4.102722965891863,64.62629924783828,80.70897327413438
76.0,75.92512710571289,4.3232244922988015,67.45160710080724,84.39864711061854
75.0,77.58763137817382,3.5274549115770957,70.67381975148271,84.50144300486494
74.0,76.924974899292,3.9415846135324504,69.1994690567684,84.6504807418156
73.0,74.17807052612305,3.6057366664155452,67.11082665994859,81.24531439229752
72.0,72.59696899414062,3.6210835321207386,65.49964527118398,79.69429271709727
71.0,70.4177220916748,3.762009959313063,63.0441825714212,77.7912616119284
70.0,71.48814895629883,3.5292167012563773,64.57088422183634,78.40541369076132
69.0,66.1710433959961,4.283393655132953,57.77559183193551,74.56649496005667
68.0,64.9385849761963,4.192010848388278,56.72224371335527,73.15492623903732
67.0,64.23914611816406,3.363698555050738,57.64629695026461,70.8319952860635
66.0,64.41346168518066,4.41926928231133,55.75169389185046,73.07522947851086
65.0,64.37543922424317,4.339235861838301,55.87053693504009,72.88034151344624
64.0,64.18840003967286,4.496003146363008,55.376233872801365,73.00056620654435
63.0,60.05820846557617,3.7549695334614204,52.698468179991785,67.41794875116055
62.0,59.353179473876956,3.5774516059402988,52.34137432623397,66.36498462151994
61.0,58.37253425598144,3.5541478371713766,51.40640449512554,65.33866401683734
60.0,60.98533378601074,3.806384717803973,53.52481973911495,68.44584783290652
59.0,64.327939453125,3.769222019821342,56.94026429427517,71.71561461197483
58.0,59.378410720825194,4.277237476282477,50.99502526731154,67.76179617433885
57.0,61.38190696716308,3.8203304024895672,53.89405937828353,68.86975455604264
56.0,60.762531967163085,3.8956040866559176,53.12714795731749,68.39791597700868
55.0,55.87000907897949,3.975412657596653,48.07820027009005,63.661817887868935
54.0,55.09982307434082,4.074250170443083,47.114292740272376,63.08535340840926
53.0,56.211829376220706,3.4477262347334348,49.454285956143174,62.96937279629824
52.0,55.92362380981445,4.373505714767691,47.35155260886978,64.49569501075912
51.0,54.03076019287109,3.8770925306455433,46.43165883280583,61.629861552936354
50.0,50.85672332763672,3.2411620821986835,44.5040456465273,57.20940100874614
49.0,51.31489509582519,3.6270547442376735,44.20586779711935,58.42392239453103
48.0,52.46576797485351,4.217539541919926,44.19939047269046,60.732145477016566
47.0,52.527593536376955,3.8327452744265926,45.01541279850083,60.03977427425308
46.0,52.77561408996582,3.6444208052664977,45.63254931164349,59.918678868288154
45.0,49.16097396850586,3.229911230710348,42.830347956313574,55.49159998069814
44.0,50.66811134338379,3.729391540594286,43.35850392381899,57.97771876294859
43.0,48.901014709472655,3.266666253139836,42.498348853318575,55.303680565626735
42.0,45.26630615234375,3.5431204601622057,38.32179005042583,52.21082225426167
41.0,42.608612518310544,4.258849721757748,34.26126706366536,50.95595797295573
40.0,37.88876117706299,3.540792978077845,30.948806940030412,44.82871541409556
39.0,35.30834991455078,3.279912819986135,28.879720787377956,41.73697904172361
38.0,35.16873680114746,3.6207935983027277,28.071981348474115,42.26549225382081
37.0,36.541437759399415,3.4124160036498865,29.85310239224564,43.22977312655319
36.0,33.55116142272949,2.7774596966388514,28.107340417317346,38.99498242814164
35.0,32.474295158386234,4.110731501494904,24.417261415456224,40.53132890131624
34.0,31.211001892089843,3.3715245466430477,24.60281378066947,37.819190003510215
33.0,30.068298683166503,3.2401937051715453,23.717519021030274,36.41907834530273
32.0,25.741447525024412,3.693291796989456,18.502595602925076,32.98029944712375
31.0,24.251967315673827,3.40453610831398,17.579076543378427,30.924858087969227
30.0,21.442197856903075,3.501593960281741,14.579073694750862,28.30532201905529
29.0,20.680559883117677,3.6298558150935243,13.56604248553437,27.795077280700987
28.0,17.587913990020752,3.513985398213446,10.700502609522399,24.475325370519105
27.0,17.13597526550293,3.051865532937116,11.15431882094618,23.117631710059676
26.0,16.320437526702882,3.8246294384285164,8.82416382738299,23.816711226022775
25.0,19.22820680618286,3.5530645838178065,12.26420022189996,26.19221339046576
24.0,16.457671089172365,3.3244415886005734,9.941765575515241,22.97357660282949
23.0,14.683777465820313,2.884414124545596,9.030325781710946,20.33722914992968
22.0,15.751261501312255,3.3434093359598505,9.198179202830948,22.304343799793564
21.0,12.985661449432373,3.9499943594393403,5.243672504931266,20.72765039393348
20.0,15.165551795959473,3.4146705664489714,8.47279748571949,21.858306106199457
19.0,15.654867172241211,3.4179585146075024,8.955668483610506,22.354065860871916
18.0,14.270911464691162,4.260527147733057,5.92027825513437,22.621544674247954
17.0,13.167602634429931,3.6660142108870186,5.982214781091375,20.352990487768487
16.0,12.401710948944093,3.4574008009378203,5.625205379105965,19.17821651878222
15.0,9.703962426185608,3.6535716126374633,2.54296206541618,16.864962786955036
14.0,7.38441418170929,3.260587565210164,0.9936625538973685,13.775165809521212
13.0,7.622504868507385,2.744659247299247,2.2429727438008618,13.00203699321391
12.0,6.199638447761536,3.566445999870775,-0.7905957119851834,13.189872607508255
11.0,5.089506478309631,3.182540816272639,-1.1482735215847413,11.327286478204003
10.0,4.544117646217346,3.39330927290929,-2.1067685286848628,11.195003821119556
9.0,3.9924270725250244,4.193142635270018,-4.2261324926042105,12.210986637654258
8.0,4.693251485824585,3.796441567811538,-2.7477739870860294,12.1342769587352
7.0,5.2647434830665585,3.0022165598837875,-0.6196009743056647,11.149087940438783
6.0,5.99545259475708,3.1554541442975337,-0.1892375280660854,12.180142717580246
5.0,5.79839914560318,3.480724164196935,-1.0238202162228127,12.620618507429173
4.0,6.2067145299911495,3.7871796055883094,-1.2161574969619364,13.629586556944236
3.0,5.598880815505981,3.80631178297819,-1.8614902791312709,13.059251910143233
2.0,5.555627317428589,2.73184691544035,0.20120736316550225,10.910047271691674
1.0,2.197532501220703,3.643714881300587,-4.944148666128447,9.339213668569853
0.0,0.877961049079895,3.5893444373881773,-6.157154048200932,7.913076146360722
125.0,116.46099655151367,5.740946312237938,105.20874177952732,127.71325132350003
125.0,116.64134140014649,4.4320054311215165,107.95461075514831,125.32807204514467
125.0,116.86086502075196,4.823743937002342,107.40632690422737,126.31540313727655
125.0,113.57093704223632,5.533142942976503,102.72597687400238,124.41589721047026
125.0,115.74729278564453,4.831793149101443,106.2769782134057,125.21760735788337
125.0,118.06958358764649,4.956610467728547,108.35462707089854,127.78454010439444
125.0,119.26685989379882,5.14812213623463,109.17654050677895,129.35717928081868
125.0,118.85748703002929,4.696944206474963,109.65147638533836,128.06349767472022
125.0,118.19447189331055,5.705975182864521,107.0107605348961,129.378183251725
125.0,116.88567657470703,5.571823537532838,105.96490244114267,127.8064507082714
125.0,117.81140472412109,5.078717471384363,107.85711848020773,127.76569096803445
125.0,117.53020187377929,4.522029086230068,108.66702486476835,126.39337888279023
125.0,116.3525323486328,5.374140208775496,105.81921753943283,126.88584715783279
125.0,119.09192413330078,6.368386648689926,106.60988630186853,131.57396196473303
124.0,116.12452545166016,5.083875878448716,106.16012872990068,126.08892217341965
123.0,118.58883117675781,4.65490793299121,109.46521162809503,127.71245072542058
122.0,117.77891296386719,4.439812219543944,109.07688101356105,126.48094491417332
121.0,117.28563537597657,5.570108780222458,106.36822216674055,128.20304858521257
120.0,116.78306518554687,5.219013492974404,106.55379873931705,127.0123316317767
119.0,113.74582580566407,5.885100184233356,102.21102944456669,125.28062216676145
118.0,108.78533081054688,5.061105856019939,98.8655633327478,118.70509828834597
117.0,105.65618911743164,4.317883077621624,97.19313828529326,114.11923994957002
116.0,103.31553512573242,4.996842148693888,93.5217245142924,113.10934573717245
115.0,104.90449600219726,4.4712552281428986,96.14083575503719,113.66815624935734
114.0,92.63726394653321,4.550695988086657,83.71789980988336,101.55662808318306
113.0,89.98670211791992,5.170080818474249,79.85334371371039,100.12006052212945
112.0,94.92919952392577,4.091727863685173,86.90941291110283,102.94898613674872
111.0,92.07213256835938,3.9938098733123892,84.2442652166671,99.89999992005166
110.0,97.54591796875,4.693352035229726,88.34694797969973,106.74488795780027
109.0,98.45013977050782,5.2989021892304695,88.0642914796161,108.83598806139953
108.0,100.1373388671875,5.987086408546664,88.40264950643603,111.87202822793896
107.0,97.74933029174805,4.703298787906946,88.53086466745043,106.96779591604567
106.0,113.47570205688477,5.10970762993004,103.4606751022219,123.49072901154764
105.0,116.44723678588868,5.040815400846308,106.56723860022991,126.32723497154744
104.0,117.20123062133788,4.873553737005307,107.64906529680748,126.75339594586829
103.0,116.58347854614257,5.1250287599895685,106.53842217656302,126.62853491572213
102.0,110.92030624389649,4.580906395785381,101.94172970815714,119.89888277963584
101.0,115.47921920776368,5.725731035020796,104.25678637912291,126.70165203640444
100.0,116.71001190185547,6.320355099221359,104.3221159073816,129.09790789632933
99.0,115.94335418701172,4.687815762313482,106.7552352928773,125.13147308114614
98.0,107.47745330810547,5.32779677025686,97.03497163840203,117.91993497780891
97.0,113.13338424682617,4.797677142897952,103.72993704674619,122.53683144690615
96.0,110.74315048217774,4.527536338534591,101.86917925864994,119.61712170570554
95.0,93.49533142089844,5.260048654413588,83.18563605824781,103.80502678354907
94.0,97.71015319824218,3.840642255327365,90.18249437780055,105.23781201868381
93.0,103.65852523803711,4.726013508490922,94.3955387613949,112.92151171467933
92.0,109.27367752075196,4.574430081965568,100.30779456009945,118.23956048140447
91.0,112.38767166137696,4.7923965531789365,102.99457441714624,121.78076890560767
90.0,112.00897415161133,4.992403318116396,102.22386364810319,121.79408465511946
89.0,110.14116760253906,4.9962816470488915,100.34845557432322,119.93387963075489
88.0,111.55902725219727,5.862978584224142,100.06758922711795,123.05046527727659
87.0,110.7835417175293,4.9061943537129595,101.1674007842519,120.39968265080671
86.0,114.34184829711914,5.20494115819951,104.1401636270481,124.54353296719019
85.0,116.92189498901367,4.883288677255809,107.35064918159227,126.49314079643506
84.0,113.76152206420899,6.081784928749586,101.8412236038598,125.68182052455818
83.0,117.27840774536133,3.981589378529621,109.47449256344328,125.08232292727939
82.0,117.04176635742188,5.13934988475932,106.9686405832936,127.11489213155015
81.0,113.19506256103516,5.374649306833442,102.66074991964162,123.7293752024287
80.0,114.22950927734375,5.526186110991037,103.39818449980132,125.06083405488619
79.0,114.21410629272461,5.590476022236811,103.25677328914045,125.17143929630876
78.0,115.39393371582031,4.550315002588138,106.47531631074756,124.31255112089306
77.0,115.5706559753418,5.584962806306864,104.62412887498034,126.51718307570324
76.0,115.82512161254883,5.627085646960636,104.79603374450598,126.85420948059168
75.0,114.02437576293946,5.016864179913256,104.19132197030947,123.85742955556944
74.0,112.88179962158203,4.562596861122504,103.93910977378192,121.82448946938214
73.0,114.58514389038086,5.087397864562803,104.61384407583778,124.55644370492395
72.0,115.37323501586914,5.3924004883798,104.80413005864473,125.94233997309355
71.0,115.34799713134765,4.0812695152985885,107.34870888136243,123.34728538133288
70.0,114.69414993286132,5.506445710297382,103.90151634067846,125.48678352504419
69.0,114.50890701293946,5.394122062420571,103.93642777059515,125.08138625528377
68.0,111.81673477172852,5.65847613584841,100.72612154546563,122.90734799799141
67.0,107.44815826416016,5.077781904009409,97.49570573230172,117.4006107960186
66.0,109.26469039916992,5.0727000528958115,99.32219829549413,119.20718250284571
65.0,96.18422760009766,5.195483144305505,86.00108063725887,106.36737456293645
64.0,105.5732243347168,4.579119325202039,96.5981504573208,114.5482982121128
63.0,102.54275436401367,4.882417971850878,92.97321513918595,112.1122935888414
62.0,101.3889714050293,4.57976117959993,92.41263949301343,110.36530331704516
61.0,103.97248397827148,5.415439068880335,93.35822340326602,114.58674455327694
60.0,101.6887614440918,4.421017578556934,93.0235669901202,110.35395589806339
59.0,94.31901306152344,4.728790796174166,85.05058310102207,103.5874430220248
58.0,87.30378768920899,3.9761616417732633,79.5105108713334,95.09706450708458
57.0,83.95233322143555,3.960142960153614,76.19045301953447,91.71421342333663
56.0,83.90112060546875,3.9611472403631174,76.13727201435704,91.66496919658046
55.0,81.83313903808593,3.906748850970195,74.17591129018435,89.49036678598752
54.0,83.23179107666016,4.918157432776875,73.59220250841749,92.87137964490283
53.0,68.74671691894531,4.2386542528567155,60.438954583346145,77.05447925454447
52.0,69.3428337097168,3.500471356158915,62.48190985164533,76.20375756778827
51.0,64.87477882385254,3.6650936214266188,57.69119532585636,72.0583623218487
50.0,60.085698165893554,3.485546415794445,53.25402719093644,66.91736914085067
49.0,52.04075942993164,3.398608279915114,45.37948720129802,58.70203165856526
48.0,48.944399719238284,3.7595325623640066,41.575715897004834,56.313083541471734
47.0,44.99482849121094,3.080507717973888,38.95703336398212,51.03262361843976
46.0,43.39369750976562,2.8006669498457857,37.90439028806789,48.88300473146336
45.0,43.75350593566895,3.1400873302134222,37.59893476845064,49.908077102887255
44.0,36.47579845428467,3.252535333227771,30.10082920115824,42.8507677074111
43.0,36.019346466064455,2.8191009045494706,30.493908693147493,41.54478423898142
42.0,39.309141883850096,3.4398306023902507,32.5670739031652,46.05120986453499
41.0,38.25929992675781,3.6635513554911694,31.07873926999512,45.439860583520506
40.0,40.94350734710693,3.3645739570992936,34.34894239119232,47.53807230302154
39.0,42.613889389038086,3.289819774213217,36.165842631580176,49.061936146495995
38.0,46.85744873046875,3.6264693943849706,39.749568717474205,53.96532874346329
37.0,46.42994171142578,3.220080288033687,40.11858434687976,52.74129907597181
36.0,48.30642234802246,3.55660697288944,41.33547268115915,55.27737201488576
35.0,47.483390197753906,3.3997207557818756,40.81993751642143,54.14684287908638
34.0,43.75942855834961,3.7306847126226543,36.44728652160921,51.071570595090016
33.0,47.736494903564456,3.4435197568908698,40.98719618005835,54.485793627070564
32.0,46.829316024780276,3.737612524556573,39.503595476649394,54.15503657291116
31.0,42.326390228271485,2.917368483077397,36.608348001439786,48.044432455103184
30.0,38.99264720916748,3.7345588363057014,31.672911890008304,46.31238252832665
29.0,36.337001991271975,3.692069467355535,29.100545835255126,43.573458147288825
28.0,35.83719570159912,3.257115530997048,29.453249260844906,42.22114214235334
27.0,34.03226276397705,3.0299752644261946,28.09351124570171,39.97101428225239
26.0,33.8439831161499,3.179884476087617,27.61140954301817,40.07655668928163
25.0,31.76377876281738,2.8843210592084283,26.110509486768862,37.4170480388659
24.0,25.774833068847656,3.2050420991492654,19.492950554515097,32.056715583180214
23.0,25.95240396499634,3.6823238984882325,18.735049123959403,33.16975880603327
22.0,26.23403102874756,2.8813123651488213,20.586658793055868,31.88140326443925
21.0,22.546669025421142,3.221029061321006,16.23345206523197,28.859885985610315
20.0,19.43543239593506,3.242789569124085,13.079564840451853,25.791299951418267
19.0,17.524661235809326,3.0013451978765358,11.642024647971315,23.407297823647337
18.0,18.08618347167969,3.0585193261508064,12.091485592424108,24.08088135093527
17.0,16.193105030059815,3.1164748319285884,10.084814359479783,22.301395700639848
16.0,16.860471572875976,2.9129188289682935,11.151150668098122,22.56979247765383
15.0,15.574819793701172,3.6811219327780966,8.359820805456103,22.78981878194624
14.0,14.969127750396728,3.3477321965207625,8.407572645216034,21.530682855577425
13.0,12.930834808349609,2.9263508728980936,7.195187097469345,18.666482519229874
12.0,11.697888317108154,3.35261533168917,5.126762266997381,18.269014367218926
11.0,9.636868090629578,3.2873766598491705,3.193609837325204,16.08012634393395
10.0,9.66819489479065,3.838543594034354,2.144649450483316,17.191740339097983
9.0,9.904969611167907,3.3589977306454784,3.321334059102769,16.488605163233046
8.0,7.683155541419983,3.2074437836001897,1.3965657255636108,13.969745357276356
7.0,7.309843883514405,3.815637791471799,-0.16880618777032108,14.78849395479913
6.0,5.3322166204452515,3.6415540233060026,-1.8052292652345132,12.469662506125015
5.0,4.61724130153656,3.8100272663100343,-2.850412140431107,12.084894743504227
4.0,2.249498796463013,3.4386210688415018,-4.490198498466331,8.989196091392357
3.0,0.34962045669555664,3.3254520127207194,-6.168265488237053,6.867506401628167
2.0,0.06486150979995728,3.488706957359985,-6.773004126625613,6.902727146225528
1.0,-0.8600355219841004,3.234687861911994,-7.2000237313316084,5.479952687363408
0.0,-1.0270010495185853,3.91730240752965,-8.704913768276699,6.6509116692395285
125.0,117.61386001586914,6.198622953707189,105.46455902660304,129.76316100513523
125.0,116.96516021728516,4.787645132336956,107.58137575790472,126.3489446766656
125.0,115.7380613708496,4.461415294859688,106.99368739292461,124.4824353487746
125.0,117.68541580200196,4.716190274259851,108.44168286445264,126.92914873955127
125.0,115.20398040771484,4.685077739269105,106.0212280387474,124.38673277668228
125.0,114.3250653076172,5.138361097093255,104.25387755731441,124.39625305791998
125.0,111.86658309936523,4.995914291397909,102.07459108822533,121.65857511050513
125.0,114.29274124145508,5.12366716081113,104.25035360626526,124.33512887664489
125.0,111.86624221801758,5.43129876908552,101.22089663060996,122.5115878054252
125.0,110.32569732666016,5.220614662054209,100.09329258903391,120.55810206428642
125.0,108.64244873046874,5.051410079987561,98.74168497369313,118.54321248724436
125.0,109.83702239990234,4.654406384738241,100.71438588581539,118.95965891398929
125.0,108.11964080810547,4.386573503563387,99.52195674112123,116.71732487508972
125.0,110.88096603393555,4.566939177145386,101.9297652467306,119.8321668211405
125.0,115.62422393798828,5.534284779270208,104.77702577061866,126.47142210535789
125.0,114.32002212524414,4.573825616044493,105.35532391779694,123.28472033269134
125.0,114.39788589477538,5.059654777708317,104.48096253046708,124.31480925908369
125.0,114.43612716674805,4.883330378401096,104.8647996250819,124.0074547084142
125.0,110.72880722045899,4.882013151745576,101.16006144303766,120.29755299788032
125.0,112.60604736328125,5.181448026999457,102.45040923036231,122.76168549620019
125.0,107.6843017578125,3.568973978692575,100.68911275957505,114.67949075604996
125.0,104.12828628540039,4.416942652032706,95.4710786874163,112.78549388338449
125.0,108.91470001220704,4.712806475476914,99.67759932027228,118.15180070414179
125.0,110.09089630126954,4.625382077719003,101.02514742894029,119.15664517359879
125.0,115.08490951538086,4.599176185982389,106.07052419085538,124.09929483990634
125.0,114.75221084594726,5.160690379862245,104.63725770141725,124.86716399047727
125.0,115.47400939941406,4.934107502283787,105.80315869493784,125.14486010389028
125.0,115.55324584960937,4.69448407864985,106.35205705545566,124.75443464376308
125.0,111.21596710205078,5.609983332761119,100.22039976983899,122.21153443426257
125.0,108.53041473388672,5.903485884357623,96.95958240054577,120.10124706722766
125.0,107.22436096191406,3.91655084872086,99.54792129842117,114.90080062540694
125.0,106.88336166381836,4.093665089003194,98.8597780893721,114.90694523826463
125.0,106.74625381469727,4.139766949319363,98.63231059403131,114.86019703536323
125.0,111.48878723144531,4.893247746719811,101.89802164787449,121.07955281501614
125.0,114.42803863525391,5.085863882797193,104.45974542497142,124.39633184553641
125.0,118.23553588867188,4.952227601824864,108.52916978909514,127.94190198824862
125.0,117.27524200439453,5.2998657824937565,106.88750507070677,127.66297893808229
125.0,118.62178237915039,4.847273968174662,109.12112540152805,128.12243935677273
125.0,119.09551483154297,5.138727778706557,109.02360838527812,129.16742127780782
125.0,117.54756530761719,5.006131639776977,107.73554729365432,127.35958332158006
125.0,120.9959555053711,4.761067680223756,111.66426285213254,130.32764815860966
125.0,120.01348342895508,5.524152194695783,109.18614512735135,130.84082173055882
125.0,119.69667083740234,6.17255971421631,107.59845379753837,131.7948878772663
125.0,117.9955551147461,5.532463667202981,107.15192632702825,128.83918390246393
125.0,119.26802780151367,5.473319039597878,108.54032248390183,129.9957331191255
125.0,118.60442337036133,4.978456718146527,108.84664820279414,128.36219853792852
125.0,119.29063858032227,5.052990325031425,109.38677754326068,129.19449961738385
125.0,118.32424285888672,4.424349269747879,109.65251829018088,126.99596742759256
125.0,118.11454315185547,4.1707069194773,109.93995758967996,126.28912871403098
124.0,117.65800231933594,5.43466343350103,107.00606198967392,128.30994264899795
123.0,116.20168838500976,4.987519981282334,106.42614922169639,125.97722754832313
122.0,115.90457489013671,5.57419284198172,104.97915691985254,126.82999286042089
121.0,111.66176040649414,5.2920502942391705,101.28934182978537,122.0341789832029
120.0,113.33129653930663,4.897274832860698,103.73263786689967,122.9299552117136
119.0,106.73892135620117,5.557864484067693,95.84550696742849,117.63233574497386
118.0,102.57891357421875,4.165023154752356,94.41546819090412,110.74235895753337
117.0,100.59221572875977,5.558773535399502,89.69701959937674,111.48741185814279
116.0,95.6688835144043,4.618414275173056,86.6167915350651,104.7209754937435
115.0,90.59153823852539,4.037966436070942,82.67712402382634,98.50595245322444
114.0,91.260927734375,4.438213157312305,82.56202994604288,99.95982552270712
113.0,91.87110702514649,4.9444977490073425,82.1798914370921,101.56232261320088
112.0,90.94845611572265,4.349674104400052,82.42309487109854,99.47381736034676
111.0,98.99173141479493,5.027251930054169,89.13831763188875,108.8451451977011
110.0,102.40791839599609,4.736387764950573,93.12459837669297,111.69123841529921
109.0,106.9452995300293,4.409114875829398,98.30343437340369,115.58716468665492
108.0,106.04827178955078,4.204382750680059,97.80768159821787,114.2888619808837
107.0,99.61200119018555,5.290486164092349,89.24264830856455,109.98135407180655
106.0,96.94091781616211,4.407757253611194,88.30171359908417,105.58012203324006
105.0,92.58743637084962,4.036938336171384,84.67503723195371,100.49983550974552
104.0,91.10300643920898,4.559843924311407,82.16571234755862,100.04030053085934
103.0,83.90710571289063,4.260618401696481,75.55629364556552,92.25791778021573
102.0,84.02692443847656,4.0032921236901124,76.18047187604394,91.87337700090917
101.0,80.68794021606445,3.4083422751064667,74.00758935685577,87.36829107527312
100.0,81.3192495727539,3.9251248805064076,73.62600480696135,89.01249433854646
99.0,78.56207229614257,3.5810052694725343,71.5433019679764,85.58084262430874
98.0,79.76778549194336,3.6950419673703956,72.52550323589739,87.01006774798932
97.0,76.7594938659668,3.3666537706230417,70.16085247554564,83.35813525638797
96.0,71.30322639465332,3.7596885189019593,63.93423689760548,78.67221589170116
95.0,66.91290786743164,3.4834189635301005,60.08540669891264,73.74040903595063
94.0,70.5482391357422,4.099459683681868,62.513298155725735,78.58318011575865
93.0,80.31686111450195,4.499842481872179,71.49716985003248,89.13655237897142
92.0,78.54350997924804,4.602744378178579,69.52213099801803,87.56488896047806
91.0,74.88899612426758,4.28727506965074,66.48593698775213,83.29205526078303
90.0,73.2383837890625,3.9377847518768947,65.52032567538379,80.9564419027412
89.0,73.3518579864502,4.134931624935942,65.24739200157575,81.45632397132465
88.0,76.91384460449218,3.8441267586530805,69.37935615753214,84.44833305145222
87.0,77.96948669433594,3.466499667524866,71.1751473459872,84.76382604268468
86.0,78.42563247680664,3.539668560750754,71.48788209773517,85.36338285587811
85.0,78.16543884277344,4.1301481080687426,70.0703485509587,86.26052913458818
84.0,72.33367057800292,4.1748719878024865,64.15092148191005,80.5164196740958
83.0,72.19805847167969,3.7105589059549233,64.92536301600803,79.47075392735134
82.0,71.83473724365234,3.7192052720338498,64.54509491046599,79.12437957683869
81.0,75.73912925720215,4.072449573712991,67.75712809272468,83.72113042167962
80.0,75.30596466064453,3.8537437246944575,67.7526269602434,82.85930236104566
79.0,74.15230369567871,4.762688266846556,64.81743469265946,83.48717269869796
78.0,68.89473152160645,4.013632850447268,61.0280111347298,76.7614519084831
77.0,68.82189140319824,4.558238067121385,59.88774479164032,77.75603801475616
76.0,65.50635612487793,4.729383995433874,56.23676349382753,74.77594875592831
75.0,67.27500679016113,3.7190964168210403,59.98557781319189,74.56443576713036
74.0,65.44148277282714,4.399073572376601,56.819298570969,74.06366697468528
73.0,64.44022323608398,3.958873369581888,56.68083143170348,72.19961504046448
72.0,65.5756972503662,4.373822226523815,57.003005686379524,74.14838881435288
71.0,66.2534122467041,3.783470994328389,58.83780909782046,73.66901539558775
70.0,63.85410423278809,3.2239973784655387,57.535069370995636,70.17313909458055
69.0,66.36137512207031,3.877625583420412,58.76122897856631,73.96152126557432
68.0,67.1678476715088,2.805323126765218,61.66941434304897,72.66628099996862
67.0,64.54523956298829,3.703558724442087,57.28626446308179,71.80421466289478
66.0,62.44845733642578,3.8995951908747837,54.8052507623112,70.09166391054036
65.0,61.907494354248044,3.5253092501585934,54.9978882239372,68.81710048455889
64.0,61.575655212402346,3.623980705271802,54.472653030069615,68.67865739473508
63.0,60.16905738830567,3.996084661422586,52.3367314519174,68.00138332469393
62.0,57.79360717773437,4.341863842757241,49.28355404593018,66.30366030953857
61.0,56.80009880065918,3.7309345080103897,49.487467164958815,64.11273043635954
60.0,54.74497291564941,3.6825648081765157,47.52714589162344,61.962799939675385
59.0,55.489132995605466,4.1487314059978955,47.35761943984959,63.62064655136134
58.0,55.94697326660156,3.2515280493516547,49.573978289872315,62.319968243330806
57.0,54.535726165771486,3.240770257749777,48.18381646058192,60.88763587096105
56.0,52.70706550598145,2.857289014690966,47.10677903718715,58.30735197477574
55.0,46.34725631713867,4.300005557832902,37.91924542378619,54.77526721049116
54.0,48.79903038024902,3.4619523431841954,42.013603787608,55.584456972890045
53.0,47.86936477661133,3.7142110744252297,40.58951107073788,55.14921848248478
52.0,47.352040481567386,3.308426218447485,40.867525093410315,53.83655586972446
51.0,46.35506614685059,4.425697039488822,37.680699949452496,55.02943234424868
50.0,42.23137664794922,3.674196615836971,35.029951280908755,49.43280201498968
49.0,43.321991500854494,3.609767716142427,36.24684677721534,50.39713622449365
48.0,43.58457046508789,3.324245211461019,37.069049850624296,50.10009107955149
47.0,44.90318458557129,3.560591728121552,37.924424798453046,51.88194437268953
46.0,43.79222320556641,3.6025943217288305,36.7311383349779,50.85330807615492
45.0,43.27653465270996,3.358915226460288,36.6930608088478,49.86000849657213
44.0,42.89997604370117,4.083133251111762,34.89703487152212,50.90291721588022
43.0,41.17376468658447,3.8319923876129156,33.66305960686316,48.68446976630578
42.0,39.301724433898926,3.5651304723973576,32.31406870800011,46.289380159797744
41.0,39.70615020751953,4.513599188028664,30.859495798983346,48.55280461605571
40.0,37.595616493225094,4.004523926158563,29.746749597954313,45.444483388495875
39.0,36.45660400390625,3.57632289779028,29.4470111242373,43.4661968835752
38.0,32.712074737548825,2.808358911706587,27.207691270603917,38.21645820449373
37.0,32.57558689117432,3.4568070032060985,25.800245164890363,39.35092861745827
36.0,33.474601860046384,3.6681801017952305,26.284968860527734,40.664234859565035
35.0,30.045688972473144,3.6835225750645035,22.825984725346718,37.265393219599574
34.0,30.011475677490235,3.6891491386453956,22.78074336574526,37.24220798923521
33.0,29.59511478424072,3.205653435740485,23.31203405018937,35.878195518292074
32.0,28.51207565307617,3.3118578856064276,22.020834197287574,35.00331710886477
31.0,26.421308517456055,3.650413818190181,19.266497433803302,33.57611960110881
30.0,24.976938514709474,3.6018710760727317,17.91727120560692,32.036605823812025
29.0,23.71998779296875,3.4620859406058426,16.9342993493813,30.505676236556205
28.0,23.646978931427,3.7810279966764164,16.236164057941224,31.057793804912777
27.0,23.05455846786499,3.9998487592792538,15.214854899677652,30.894262036052325
26.0,22.050795097351074,3.3307052752478676,15.522612757865254,28.578977436836894
25.0,21.87499448776245,3.3393316510231137,15.329904451757148,28.420084523767752
24.0,22.123471279144287,3.134167261387358,15.980503446825065,28.26643911146351
23.0,21.063317947387695,3.3778531818548365,14.442725710952216,27.683910183823173
22.0,17.905244255065917,3.641103213828507,10.768681955962043,25.04180655416979
21.0,17.751843852996828,3.5302898835943743,10.832475681151855,24.6712120248418
20.0,17.47483449935913,2.99457656299941,11.605464435880286,23.344204562837973
19.0,16.80817367553711,2.757649939390779,11.403179794331182,22.213167556743038
18.0,15.275015125274658,3.6339214599677057,8.152529063737955,22.39750118681136
17.0,14.453611431121827,3.4284061819704155,7.733935314459813,21.17328754778384
16.0,12.573222370147706,3.026444358103358,6.641391428265123,18.505053312030288
15.0,12.8313694190979,3.3677209129487466,6.2306364297183565,19.432102408477444
14.0,12.19077959060669,3.4255002788150524,5.476799044129187,18.904760137084192
13.0,9.869923343658447,3.1651669115960965,3.6661961969300982,16.073650490386797
12.0,9.167402567863464,3.9540042686473145,1.4175542013147275,16.917250934412202
11.0,9.803030514717102,3.2175405646179494,3.496651008065922,16.109410021368284
10.0,6.938513259887696,3.931400000181894,-0.7670307404688161,14.644057260244207
9.0,5.187099707126618,3.428872503115835,-1.533490398980419,11.907689813233654
8.0,7.228730807304382,3.6082094368001516,0.15664031117608523,14.300821303432679
7.0,5.13025418996811,3.6291362116220443,-1.9828527848110973,12.243361164747316
6.0,2.9888782143592834,3.6683239589202654,-4.201036745124437,10.178793173843003
5.0,3.445958013534546,3.9472749383789894,-4.290700865688273,11.182616892757366
4.0,1.9229270029067993,3.53757291285065,-5.010715906280474,8.856569912094074
3.0,1.8549812746047973,3.9968693738805494,-5.97888269820108,9.688845247410674
2.0,1.303657855987549,3.7447872128979194,-6.036125081292373,8.643440793267471
1.0,-0.18849438905715943,3.6309824786866916,-7.305220047283075,6.928231269168756
0.0,-0.4347157919406891,3.7672708559074946,-7.818566669519378,6.949135085638001
125.0,116.57308410644531,5.772225942214202,105.25952125970547,127.88664695318515
125.0,118.29429290771485,4.93447340240048,108.62272503900991,127.96586077641979
125.0,115.18112121582031,4.79229143853022,105.78822999630108,124.57401243533954
125.0,115.31306716918945,5.317777815088973,104.89022265161506,125.73591168676384
125.0,118.18789749145508,4.452645857243513,109.46071161125779,126.91508337165236
125.0,116.89268508911132,5.368083188727732,106.37124203920497,127.41412813901768
125.0,120.19518264770508,4.419072628217679,111.53380029639843,128.85656499901174
125.0,118.64911682128906,5.830933199486623,107.22048775029528,130.07774589228285
125.0,121.83977264404297,6.001468037869185,110.07689528981936,133.60264999826657
125.0,120.85998992919922,4.040255590786259,112.94108897125815,128.77889088714028
125.0,119.77080307006835,5.442318018145455,109.10385975450326,130.43774638563343
125.0,119.76087707519531,5.354649451514946,109.26576415022602,130.25599000016462
125.0,121.5197361755371,5.587007975815638,110.56920054293846,132.47027180813575
125.0,121.91669296264648,5.241390374619376,111.6435678283925,132.18981809690047
125.0,116.82411239624024,6.2988939136907085,104.47828032540644,129.16994446707403
125.0,118.82331161499023,4.614132599612515,109.77961171974971,127.86701151023075
125.0,119.43600250244141,5.187319202689654,109.2688568651697,129.60314813971314
125.0,118.55217086791993,5.654961870610061,107.46844560152421,129.63589613431566
125.0,120.05413940429688,4.7752313485083295,110.69468596122056,129.4135928473732
125.0,119.86897705078125,5.627707481350667,108.83867038733395,130.89928371422857
125.0,120.03803695678711,6.124677861540416,108.0336683481679,132.0424055654063
125.0,118.783701171875,5.005837239776233,108.97226018191358,128.5951421618364
125.0,120.10420150756836,4.55918957626658,111.16818993808586,129.04021307705085
125.0,119.63137664794922,5.584799569531922,108.68516949166666,130.57758380423178
125.0,121.51584243774414,6.6549171339013125,108.47220485529758,134.5594800201907
125.0,119.79805206298828,4.690814908391907,110.60405484254014,128.99204928343642
125.0,119.5824185180664,5.028232864916397,109.72708210283027,129.43775493330253
125.0,117.73533340454101,4.910997085189114,108.10977911757035,127.36088769151166
125.0,117.89983764648437,4.857477203769197,108.37918232709674,127.420492965872
125.0,117.30017929077148,5.560967639507341,106.40068271733709,128.19967586420586
125.0,113.84035293579102,4.441399097908099,105.13521070389115,122.54549516769089
125.0,114.64259506225586,5.457072585773458,103.94673279413989,125.33845733037184
125.0,115.67483337402344,5.893695630015413,104.12318993919322,127.22647680885365
125.0,118.39145614624023,5.242953840417892,108.11526661902116,128.6676456734593
125.0,120.05426712036133,5.359817271471533,109.54902526827712,130.55950897244554
125.0,120.4891877746582,5.043297912815601,110.60432386553963,130.37405168377677
125.0,120.4948698425293,5.232836509686965,110.23851028354285,130.75122940151576
125.0,118.82802520751953,5.949925490988296,107.16617124518247,130.48987916985658
125.0,119.31423919677735,4.747688633400297,110.00876947531277,128.61970891824194
125.0,118.61109375,5.334687884941646,108.15510549551436,129.06708200448563
125.0,119.49343353271485,5.377596338741911,108.9533447087807,130.033522356649
125.0,119.67596984863282,4.552616963597808,110.75284059998111,128.59909909728452
125.0,120.91749618530274,5.465023142594127,110.20605082581825,131.62894154478724
125.0,117.15079162597657,5.000887951761923,107.3490512405232,126.95253201142994
125.0,115.86160614013671,4.98946513219102,106.08225448104231,125.64095779923112
125.0,117.73767654418945,5.383017934999274,107.18696139159087,128.28839169678804
125.0,117.67448348999024,5.088914828084626,107.70021042694437,127.64875655303611
125.0,115.55964126586915,4.686161746262672,106.3747642431943,124.74451828854399
125.0,112.20400466918946,4.937109237035512,102.52727056459986,121.88073877377906
125.0,111.75942916870117,4.659583288665002,102.62664592291777,120.89221241448458
125.0,111.86221115112305,5.4596671842654825,101.1612634699627,122.56315883228339
125.0,114.59162887573243,5.712974140259718,103.39419956082338,125.78905819064147
125.0,112.91180465698243,4.55741973942373,103.97926196771192,121.84434734625293
124.0,112.60883209228516,4.435974678228615,103.91432172295707,121.30334246161324
123.0,110.37530487060548,5.058771110214191,100.46011349458566,120.2904962466253
122.0,110.44640106201172,4.961661444283661,100.72154463121574,120.1712574928077
121.0,114.91534408569336,5.549407467878186,104.03850544865212,125.79218272273461
120.0,112.45384613037109,5.287631447733272,102.09008849281388,122.8176037679283
119.0,117.25816955566407,5.214323637362893,107.0380952264328,127.47824388489533
118.0,115.9033364868164,5.3323347898233395,105.45196029876266,126.35471267487014
117.0,115.3540771484375,5.281019520176481,105.0032788888916,125.7048754079834
116.0,112.98915878295898,4.575976811451335,104.02024423251436,121.9580733334036
115.0,114.91373580932617,4.569150527787525,105.95820077486262,123.86927084378972
114.0,113.01338958740234,4.969138123887784,103.27387886458229,122.7529003102224
113.0,114.30269592285157,5.1597826337906625,104.18952196062187,124.41586988508126
112.0,107.50713333129883,4.7141124988376175,98.2674728335771,116.74679382902056
111.0,104.76338455200195,5.5351475213763335,93.91449541010434,115.61227369389957
110.0,104.64520645141602,5.10590007011704,94.63764231398662,114.65277058884541
109.0,108.28339462280273,4.641254196057563,99.18653639852991,117.38025284707555
108.0,109.2947216796875,4.782179267600445,99.92165031519062,118.66779304418438
107.0,105.84418197631835,4.4466846477932815,97.12868006664353,114.55968388599318
106.0,105.2624119567871,4.692540828733825,96.06503193246881,114.4597919811054
105.0,103.65856231689453,4.786392514302477,94.27723298886167,113.0398916449274
104.0,107.69787979125977,4.8694971475411934,98.15366538207903,117.2420942004405
103.0,110.23716598510742,4.813453255630208,100.80279760407223,119.67153436614262
102.0,114.28051849365234,5.1011210370123585,104.28232126110811,124.27871572619657
101.0,113.30426071166993,5.462781030649656,102.5972098915966,124.01131153174325
100.0,116.10123443603516,5.418026697268611,105.48190210938868,126.72056676268163
99.0,113.18839218139648,4.8788010037930745,103.62594221396205,122.75084214883091
98.0,113.87961624145508,3.7320562116621745,106.56478606659722,121.19444641631294
97.0,113.76170700073243,4.877409618900262,104.20198414768791,123.32142985377695
96.0,117.91642272949218,5.341971630729773,107.44615833326182,128.38668712572255
95.0,115.55378494262695,4.1353092866879075,107.44857874071865,123.65899114453525
94.0,112.19856857299804,5.17473432598439,102.05608929406864,122.34104785192744
93.0,111.0968441772461,4.528851470599615,102.22029529487085,119.97339305962134
92.0,111.86230026245117,4.153479869250438,103.72147971872032,120.00312080618203
91.0,108.42552688598633,5.075345344752601,98.47785001027123,118.37320376170143
90.0,107.4644596862793,4.841472200362468,97.97517417356886,116.95374519898974
89.0,104.69955276489257,4.6902745995018975,95.50661454986886,113.89249097991629
88.0,106.22646347045898,4.239087700237092,97.91785157799428,114.53507536292368
87.0,102.24777404785156,4.452547249187574,93.52078143944392,110.9747666562592
86.0,104.18841262817382,4.880264578728643,94.62309405386569,113.75373120248196
85.0,102.36787139892579,4.273615981477125,93.99158407523062,110.74415872262095
84.0,97.66226837158203,4.538781682557042,88.76625627377022,106.55828046939384
83.0,95.8600325012207,4.955317899975019,86.14760941726966,105.57245558517174
82.0,97.27217376708984,4.435484892253961,88.57862337827207,105.96572415590761
81.0,96.7614501953125,4.769484690685762,87.41326020156842,106.10964018905659
80.0,97.24937576293945,4.9448934222526715,87.55738465532421,106.94136687055469
79.0,96.66338348388672,3.955886589934578,88.90984576761494,104.4169212001585
78.0,86.47452880859375,4.653428027719139,77.35380987426423,95.59524774292326
77.0,84.85665466308593,4.485241032223185,76.06558223992849,93.64772708624338
76.0,86.67410675048828,4.4354925297307,77.98054139221611,95.36767210876044
75.0,85.85026840209962,4.007844867479419,77.99489246183995,93.70564434235928
74.0,81.8430044555664,4.170032104416371,73.66974153091031,90.01626738022249
73.0,77.14356506347656,4.376062103658351,68.56648334030619,85.72064678664692
72.0,74.72923004150391,3.7410552372818735,67.39676177643143,82.06169830657639
71.0,78.47549926757813,3.699318568288395,71.22483487373287,85.72616366142339
70.0,77.63227752685548,4.045608470678799,69.70288492432503,85.56167012938592
69.0,82.30714569091796,4.676830725469892,73.14055746899697,91.47373391283895
68.0,81.37525390625,4.200062745580357,73.1431309249125,89.60737688758749
67.0,74.34680267333984,3.8785432602585157,66.74485788323315,81.94874746344652
66.0,65.83696975708008,4.25088467018709,57.505235803513386,74.16870371064678
65.0,62.02588363647461,3.1319160948672975,55.88732809053471,68.16443918241451
64.0,63.189472351074215,3.3566964014209986,56.61034740428906,69.76859729785937
63.0,59.8820036315918,3.3106661461497264,53.39309798513834,66.37090927804526
62.0,58.922322845458986,3.9250152622071366,51.229292931532996,66.61535275938498
61.0,55.36437278747559,3.7692550407835825,47.976632907539766,62.75211266741141
60.0,59.58802711486816,3.0382456972547303,53.633065548248894,65.54298868148743
59.0,58.38352615356445,3.3344776255365782,51.84795000751276,64.91910229961614
58.0,56.28195785522461,3.920032367536123,48.59869441485381,63.96522129559541
57.0,56.934955749511715,3.9246832618085166,49.24257655636703,64.6273349426564
56.0,57.45550849914551,3.64820636504723,50.30502402365294,64.60599297463808
55.0,52.58000785827637,3.256761088738944,46.196756124348035,58.9632595922047
54.0,50.19799758911133,3.348247144499388,43.63543318589253,56.76056199233013
53.0,50.10910331726074,2.772015271094265,44.67595338591598,55.5422532486055
52.0,46.802215576171875,3.502077325225546,39.9381440187298,53.66628713361395
51.0,45.08614372253418,3.644807812655048,37.942320409730286,52.22996703533808
50.0,45.01988304138184,3.360785525991364,38.43274341043877,51.60702267232491
49.0,45.402876434326174,2.817788020945382,39.88001191327322,50.925740955379126
48.0,41.03238288879395,3.2130786871404466,34.73474866199867,47.33001711558922
47.0,38.8454630279541,2.5915449841290017,33.766034859061264,43.92489119684694
46.0,41.707297286987306,2.9171789055816784,35.98962663204722,47.42496794192739
45.0,39.21509910583496,2.7175901630974955,33.88862238616387,44.54157582550605
44.0,34.88968830108642,3.4632770184465778,28.10166534493113,41.67771125724172
43.0,35.7506653213501,2.7130760192599346,30.433036323600625,41.06829431909957
42.0,34.88218936920166,2.6874577941836226,29.61477209260176,40.14960664580156
41.0,37.5364168548584,3.0455127244117985,31.567211915011278,43.505621794705526
40.0,36.20837741851807,2.809552231198416,30.701655045369172,41.715099791666965
39.0,30.81105567932129,3.2095429297031726,24.52035153710307,37.10175982153951
38.0,29.82867835998535,2.6755944296681764,24.584513277835725,35.072843442134975
37.0,30.855628929138184,3.260659554586289,24.46473620214906,37.246521656127314
36.0,32.11972061157226,3.633198125586504,24.998652285422715,39.24078893772181
35.0,32.594078636169435,3.220925574788168,26.281064509584624,38.907092762754246
34.0,30.818648109436037,3.5386948689729874,23.882806166248983,37.75449005262309
33.0,27.468072052001954,3.457708452099661,20.69096348588662,34.24518061811729
32.0,25.256153411865235,2.868331937275747,19.634222814804772,30.878084008925697
31.0,25.765384635925294,2.842643912663419,20.193802567104992,31.336966704745596
30.0,23.34225227355957,3.190649348843499,17.088579549826314,29.595924997292826
29.0,23.77873680114746,2.7907307005532536,18.308904628063082,29.248568974231837
28.0,22.831141586303712,3.4973891429940593,15.976258866035355,29.68602430657207
27.0,24.100175590515136,2.7453980535152818,18.719195405625182,29.48115577540509
26.0,21.315914039611815,3.240001775655251,14.965510559327523,27.666317519896108
25.0,22.95081718444824,3.2452455736956027,16.59013586000486,29.31149850889162
24.0,29.47046657562256,3.2378679560118786,23.124245381839277,35.81668776940584
23.0,28.090802459716798,2.5297302067423124,23.132531254501867,33.04907366493173
22.0,25.218333778381346,3.447079386070502,18.46205818168316,31.97460937507953
21.0,22.971760272979736,2.79908250466612,17.48555856383414,28.457961982125333
20.0,20.38608373641968,3.2908983791107693,13.935922913362571,26.836244559476786
19.0,17.378801708221435,3.6268771692343504,10.270122456522108,24.48748095992076
18.0,14.962180156707763,3.460006996458515,8.180566443649074,21.743793869766453
17.0,16.007687282562255,3.1647391676763656,9.804798513916579,22.21057605120793
16.0,18.418097438812257,3.521121447633279,11.516699401451032,25.319495476173483
15.0,11.36713764667511,3.552271156424912,4.404686180082282,18.329589113267936
14.0,10.831892356872558,3.3493560786866263,4.2671544426467705,17.396630271098346
13.0,11.875678386688232,3.9477957614887043,4.137998694170372,19.613358079206094
12.0,9.379094276428223,2.885688842064944,3.7231441459809327,15.035044406875514
11.0,8.768983201980591,3.7011248026271857,1.514778588831307,16.023187815129873
10.0,5.985067143440246,3.708933839373644,-1.2844431817320956,13.254577468612588
9.0,7.079794425964355,3.626459437478409,-0.02806607149332674,14.187654923422038
8.0,5.326692478656769,3.117788154372072,-0.7841723039124924,11.43755726122603
7.0,2.6217441964149475,3.2223984580333536,-3.6941567813304252,8.93764517416032
6.0,3.2932730889320374,3.5807959560603657,-3.725086984946279,10.311633162810354
5.0,2.6772836661338806,3.3418399705837936,-3.872722676210355,9.227290008478116
4.0,0.536307864189148,3.9346091344731486,-7.175526039378224,8.24814176775652
3.0,1.000292112827301,3.317810312305684,-5.502616099291839,7.503200324946442
2.0,-0.9415532541275025,3.361925325325068,-7.530926891764636,5.647820383509631
1.0,-2.6431517601013184,3.5838901889345745,-9.667576530413085,4.381273010210448
0.0,-2.65022780418396,3.140099746951747,-8.804823308209384,3.5043676998414637
114.0,119.98845657348633,5.358802813642237,109.48520305874754,130.49171008822512
113.0,118.8088117980957,5.317183946942399,108.3871312620886,129.2304923341028
112.0,121.60299011230468,4.726624284331002,112.33880651501592,130.86717370959343
111.0,121.0206980895996,4.724685138127901,111.76031521886893,130.28108096033029
110.0,121.86044845581054,5.879291532585314,110.33703705194333,133.38385985967776
109.0,119.8574298095703,5.100823196040769,109.8598163453304,129.85504327381022
108.0,119.43379318237305,5.318711470130625,109.00911870091703,129.8584676638291
107.0,121.33585876464844,5.618980579751231,110.32265682833602,132.34906070096085
106.0,119.64342758178711,5.599424396321395,108.66855576499718,130.61829939857705
105.0,118.32510772705078,5.66486458058043,107.22197314911314,129.42824230498843
104.0,118.96972610473632,4.92442755201367,109.31784810278953,128.62160410668312
103.0,118.63463729858398,6.9611813597035885,104.99072183356495,132.27855276360302
102.0,118.8140591430664,4.991237401472933,109.03123383617945,128.59688444995334
101.0,117.68194732666015,6.664358364220963,104.61980493278706,130.74408972053322
100.0,120.63395889282226,5.329475475476184,110.18818696088894,131.0797308247556
99.0,118.91250503540039,4.959728274699928,109.19143761698852,128.63357245381223
98.0,120.17626220703124,5.47507412231673,109.44511692729046,130.90740748677203
97.0,119.04769485473633,4.2661657624992,110.6860099602379,127.40937974923477
96.0,118.02257720947266,5.558343892345352,107.12822318047577,128.91693123846954
95.0,117.17740615844727,4.59579056058546,108.16965665969977,126.18515565719477
94.0,114.19912643432617,4.902277972195713,104.59066160882257,123.80759125982978
93.0,110.60973541259766,5.75426940887067,99.33136737121114,121.88810345398417
92.0,106.0734553527832,5.131273989396249,96.01615833356655,116.13075237199985
91.0,102.14851470947265,4.628796526867343,93.07607351681266,111.22095590213264
90.0,98.74075775146484,3.889674217129472,91.11699628589108,106.3645192170386
89.0,98.89735946655273,4.272746392857364,90.5227765365523,107.27194239655316
88.0,94.96590759277343,4.483874953051896,86.17751268479172,103.75430250075514
87.0,89.9481120300293,5.440239212879953,79.28524317278459,100.610980887274
86.0,90.867724609375,4.254434611438063,82.5290327709564,99.2064164477936
85.0,89.96895782470703,4.287258631236048,81.56593090748439,98.37198474192968
84.0,87.53472427368165,5.519351048125111,76.71679621935643,98.35265232800687
83.0,90.72025131225585,3.7370528557560787,83.39562771497394,98.04487490953777
82.0,90.87192276000977,5.444913430683527,80.19989243587005,101.54395308414948
81.0,89.39033309936524,4.30671200098465,80.94917757743532,97.83148862129515
80.0,84.94770706176757,4.62257334014276,75.88746331508776,94.00795080844739
79.0,86.69301818847656,4.928429962485569,77.03329546200484,96.35274091494827
78.0,86.74452575683594,4.895603640098333,77.1491426222432,96.33990889142868
77.0,82.13665313720703,4.694203143435043,72.93601497607435,91.33729129833972
76.0,77.73372482299804,4.687341140180409,68.54653618824445,86.92091345775164
75.0,77.68125045776367,4.719346750311882,68.43133082715238,86.93117008837496
74.0,75.48428588867188,3.814999060616389,68.00688772986375,82.96168404748
73.0,76.81253280639649,3.5623389585337515,69.83034844767033,83.79471716512265
72.0,76.60669982910156,3.8483980669978153,69.06383961778585,84.14956004041727
71.0,74.79936370849609,4.536398067702896,65.90802349579842,83.69070392119376
70.0,73.12973655700684,4.502903654758992,64.30404539367922,81.95542772033446
69.0,71.4251065826416,3.7855433845106305,64.00544154900076,78.84477161628244
68.0,71.50464385986328,4.681563293085851,62.32877980541501,80.68050791431155
67.0,75.87544189453125,3.851011191767404,68.32745995866713,83.42342383039536
66.0,74.92338432312012,3.9636030838471874,67.15472227877963,82.6920463674606
65.0,75.47294006347656,3.9160059118852,67.79756847618157,83.14831165077155
64.0,77.83913162231445,4.070421084232676,69.86110629721841,85.8171569474105
63.0,80.8857341003418,4.932468196692533,71.21809643482443,90.55337176585915
62.0,74.93595886230469,4.143093041668741,66.81549650063396,83.05642122397542
61.0,72.64772384643555,4.272691184737399,64.27324912435026,81.02219856852085
60.0,75.22029327392578,4.752356732842741,65.90567407755401,84.53491247029754
59.0,73.74834579467773,3.3417382144962007,67.19853889426518,80.29815269509028
58.0,71.69790176391602,3.9598788332835104,63.93653925068034,79.4592642771517
57.0,71.22946990966797,3.5268605061922615,64.31682331753113,78.14211650180481
56.0,75.0162483215332,4.8261834490370905,65.5569287614205,84.4755678816459
55.0,78.51121643066406,4.078978951930139,70.51641768488099,86.50601517644714
54.0,79.59295608520507,3.5928268460866715,72.5510154668752,86.63489670353495
53.0,76.07204544067383,4.200632114097178,67.83880649704336,84.3052843843043
52.0,71.7993392944336,4.066119334646378,63.8297453985267,79.76893319034049
51.0,71.23592353820801,4.6954536990226075,62.0328342881237,80.43901278829233
50.0,68.77653755187988,4.194196777949104,60.55591186709964,76.99716323666013
49.0,64.42662506103515,4.817916751245499,54.983508228593976,73.86974189347633
48.0,56.721305465698244,3.4125731348548114,50.03266212138281,63.409948810013674
47.0,56.96846656799316,3.816837797640836,49.48746448461712,64.4494686513692
46.0,59.59403030395508,2.8479054311705094,54.012135658860885,65.17592494904927
45.0,58.57905868530273,3.945563864409714,50.8457535110597,66.31236385954577
44.0,52.397648391723635,3.639038624884055,45.265132686950885,59.530164096496385
43.0,50.55344932556152,3.6937189121071707,43.31376025783147,57.79313839329158
42.0,47.75524978637695,3.2001972846410203,41.48286310848055,54.02763646427335
41.0,49.23706336975098,3.8007215468535795,41.78764913791796,56.686477601583995
40.0,46.08499031066894,3.39446524807146,39.431838424448884,52.738142196889
39.0,46.94253242492676,3.3821032544152785,40.313610046272814,53.57145480358071
38.0,44.212379455566406,3.181349905936475,37.97693363993091,50.4478252712019
37.0,42.760798645019534,3.5721326690542896,35.75941861367313,49.76217867636594
36.0,44.04686248779297,3.3389280506439447,37.50256350853084,50.5911614670551
35.0,41.908034820556644,4.035780157049236,33.99790571274014,49.818163928373146
34.0,41.488291091918946,3.7252495390488436,34.18680199538321,48.78978018845468
33.0,41.850112228393556,3.7226387659459927,34.55374024713941,49.1464842096477
32.0,41.70348670959473,3.315778057644555,35.2045617166114,48.202411702578054
31.0,41.1671713256836,2.8274626603173716,35.62534451146155,46.708998139905646
30.0,37.69524990081787,3.344159391016847,31.14069749442485,44.24980230721089
29.0,36.54943187713623,3.5267860150892423,29.636931287561314,43.46193246671115
28.0,36.42787322998047,3.5384627081638858,29.492486321979253,43.36326013798168
27.0,37.00962421417236,3.1191102678579776,30.896168089170725,43.123080339173995
26.0,33.372077293395996,3.4768038764295492,26.55754169559408,40.18661289119791
25.0,31.57022602081299,3.3973642193814224,24.9113921508254,38.22905989080058
24.0,28.48718849182129,3.674119186321438,21.28591488663127,35.68846209701131
23.0,28.619570503234865,3.5331270891628375,21.694641408475704,35.544499597994026
22.0,26.23008617401123,3.6776436402690784,19.021904639083836,33.438267708938625
21.0,24.17032093048096,3.6231363054453243,17.068973771808125,31.271668089153792
20.0,21.01496286392212,3.2169614443204533,14.70971843305403,27.320207294790208
19.0,20.57835210800171,3.44922172998201,13.817877517236969,27.33882669876645
18.0,17.707675189971923,3.418668071812752,11.007085769218929,24.408264610724917
17.0,16.917664947509767,2.6347964369796557,11.753463931029643,22.08186596398989
16.0,17.702198276519777,3.2522430070694726,11.327801982663612,24.076594570375942
15.0,13.734513053894043,3.3174515099256263,7.232308094439816,20.23671801334827
14.0,14.445427894592285,2.9301676314630387,8.702299336924728,20.188556452259842
13.0,15.136114711761474,3.7327831942929377,7.819859650947316,22.452369772575633
12.0,13.107865142822266,3.7277686534952617,5.801438581971554,20.41429170367298
11.0,11.496376214027405,3.4550604704287706,4.724457691987015,18.268294736067794
10.0,12.33958324432373,3.1797346864121976,6.107303258955823,18.571863229691637
9.0,10.802722163200379,3.5686779570418374,3.808113367398377,17.79733095900238
8.0,10.383380522727967,2.984207057648203,4.534334689737489,16.232426355718445
7.0,8.48756519317627,3.719824643222867,1.1967088924594504,15.778421493893088
6.0,8.666045560836793,2.9664214654058068,2.851859488641411,14.480231633032174
5.0,5.679390015602112,2.8564001668765826,0.0808456885240103,11.277934342680215
4.0,3.5740063095092776,3.3808078340233463,-3.052377045176481,10.200389664195036
3.0,5.048711893558502,3.403915745351205,-1.6229629673298591,11.720386754446864
2.0,1.563347201347351,3.941003421044089,-6.161019503899064,9.287713906593766
1.0,0.5398988223075867,3.6802353500405336,-6.673362463771859,7.753160108387032
0.0,-3.082376091480255,4.38726043579467,-11.681406545637808,5.516654362677299
95.0,111.89541107177735,4.204447500420297,103.65469397095356,120.13612817260113
94.0,114.08418060302735,4.618100632381735,105.03270336355915,123.13565784249555
93.0,107.23369003295899,4.577893882882745,98.26101802250881,116.20636204340917
92.0,106.52368133544923,4.3697484603068535,97.9589743532478,115.08838831765065
91.0,104.70011657714844,4.8116030874860245,95.26937452567583,114.13085862862104
90.0,100.93467758178711,4.593105751884575,91.93219030809334,109.93716485548089
89.0,101.07640319824219,4.569501526522814,92.12018020625747,110.0326261902269
88.0,104.21892669677734,5.0908656080467445,94.24083010500573,114.19702328854896
87.0,107.46111465454102,4.72340768992995,98.20323558227832,116.71899372680372
86.0,109.24792922973633,5.045118980041958,99.3594960288541,119.13636243061856
85.0,111.35044952392577,4.731080637135293,102.0775314751406,120.62336757271095
84.0,97.51811233520507,4.793560424997826,88.12273390220933,106.91349076820082
83.0,96.97296875,5.389962261172141,86.40864271810261,107.5372947818974
82.0,99.07716049194336,5.104420783842755,89.07249575561156,109.08182522827516
81.0,98.59044647216797,4.5608872448356825,89.65110747229004,107.5297854720459
80.0,111.28990005493164,5.970327369500287,99.58805841071107,122.9917416991522
79.0,108.76160278320313,4.464133726599968,100.0119006790672,117.51130488733907
78.0,107.82040267944336,4.835830446855437,98.34217500360671,117.29863035528001
77.0,110.2382276916504,5.072900458484896,100.29534279302,120.18111259028079
76.0,101.72588882446288,4.548136455269524,92.81154137213461,110.64023627679116
75.0,99.88633041381836,4.125191355052002,91.80095535791644,107.97170546972028
74.0,99.55219299316406,4.170163881211879,91.37867178598877,107.72571420033934
73.0,103.8103106689453,5.214716753308686,93.58946583246028,114.03115550543033
72.0,104.05522109985351,4.9298144784303854,94.39278472212996,113.71765747757706
71.0,99.04581039428712,5.484558771592525,88.29607520196576,109.79554558660847
70.0,93.3854933166504,5.523474885083789,82.55948254188617,104.21150409141462
69.0,81.34458770751954,4.329167180439355,72.8594200338584,89.82975538118068
68.0,73.7152375793457,3.860070876086675,66.14949866221582,81.28097649647557
67.0,76.50877136230469,3.9339847089385267,68.79816133278517,84.2193813918242
66.0,75.16288230895996,4.847527057855855,65.6617292755625,84.66403534235744
65.0,74.62371963500976,3.5991938052091905,67.56929977679975,81.67813949321977
64.0,72.38324447631835,4.281392050823895,63.991716056703524,80.77477289593318
63.0,72.31245666503906,4.094679486593089,64.28688487131662,80.33802845876151
62.0,72.25239166259766,3.4218066711019537,65.54565058723783,78.95913273795749
61.0,72.06754165649414,3.303655326040269,65.59237721745521,78.54270609553308
60.0,67.42591667175293,4.022275015086026,59.54225764218432,75.30957570132153
59.0,66.84748588562012,3.978442599738303,59.049738390133044,74.64523338110719
58.0,62.61786735534668,3.8165794144094116,55.137371703104236,70.09836300758913
57.0,61.670755538940426,3.3152876954746358,55.172791655810144,68.16871942207071
56.0,61.88477630615235,4.032342960962452,53.98138410266594,69.78816850963875
55.0,60.14164451599121,4.405478886236929,51.50690589896683,68.77638313301559
54.0,64.19572463989257,3.891081779507797,56.56920435205729,71.82224492772785
53.0,62.20153442382812,3.796535687330836,54.76032447665968,69.64274437099655
52.0,62.105314865112305,4.278115001223479,53.72020946271429,70.49042026751033
51.0,59.21010498046875,3.9556835214583947,51.456965278410294,66.9632446825272
50.0,58.995535888671874,4.131153528526356,50.89847497276021,67.09259680458354
49.0,59.696204376220706,3.5555301303319746,52.72736532077003,66.66504343167138
48.0,57.90126136779785,3.735100439072313,50.58046450721612,65.22205822837958
47.0,59.21566581726074,3.962302824843267,51.44955228056794,66.98177935395354
46.0,57.84571731567383,3.6210726873288004,50.748414848509384,64.94301978283828
45.0,58.68074661254883,4.265180074900874,50.32099366574312,67.04049955935454
44.0,58.32511909484863,4.148194371830681,50.194658126060496,66.45558006363677
43.0,53.38478240966797,3.319871162825567,46.87783493052986,59.89172988880608
42.0,50.43524833679199,2.9520587258929805,44.64921323404175,56.22128343954223
41.0,48.52944190979004,3.078903207073856,42.49479162392528,54.564092195654794
40.0,49.19513046264648,3.2211774147738397,42.88162272968975,55.50863819560321
39.0,48.00435707092285,3.069075686252805,41.98896872586735,54.01974541597835
38.0,48.685037231445314,3.2003828778251746,42.41228679090797,54.95778767198266
37.0,48.80997169494629,3.759528338763733,41.44129615096938,56.178647238923205
36.0,43.720160751342775,3.595791146979096,36.67241010326374,50.767911399421806
35.0,40.631612586975095,3.6948438955133067,33.389718551769015,47.873506622181175
34.0,39.70395782470703,4.46069749642628,30.960990731711526,48.44692491770254
33.0,38.655974502563474,3.4077878259290073,31.97671036374262,45.33523864138433
32.0,40.08618835449219,3.081441409282771,34.04656319229795,46.12581351668642
31.0,39.90956062316894,3.4841462768639992,33.0806339205155,46.73848732582238
30.0,36.89602405548096,3.602676736900388,29.834777651156198,43.95727045980572
29.0,35.85921340942383,3.6319677055348776,28.74055670657547,42.97787011227219
28.0,35.27992370605469,3.9460367572050488,27.545691661932793,43.014155750176585
27.0,34.76728816986084,3.3754067803660286,28.151490880343424,41.38308545937826
26.0,30.10149517059326,3.4221287665497697,23.394122788155713,36.80886755303081
25.0,32.44452713012695,2.9125384210482825,26.735951824872316,38.153102435381584
24.0,29.152946968078613,3.5086168272848592,22.27605798660029,36.02983594955694
23.0,26.965335121154784,3.2771776614396635,20.542066904733044,33.38860333757653
22.0,24.74530921936035,3.2308416401553717,18.41285960465582,31.07775883406488
21.0,20.36879961013794,3.950777643064178,12.625275429732152,28.11232379054373
20.0,21.96582004547119,3.3427529724756373,15.414024219418941,28.51761587152344
19.0,22.162464027404784,2.886239440382326,16.505434724255426,27.819493330554142
18.0,24.59730827331543,2.897532517666553,18.918144538688985,30.276472007941877
17.0,22.778050289154052,3.7478109446862726,15.432340837568958,30.123759740739146
16.0,18.72084915161133,3.2803467879620163,12.291369447205778,25.15032885601688
15.0,19.226435527801513,3.8222956960771777,11.734735963490245,26.71813509211278
14.0,18.23220239639282,3.3673405689533578,11.632214881244241,24.832189911541402
13.0,14.556509590148925,3.50238476304364,7.691835454583392,21.42118372571446
12.0,14.124422283172608,3.598931567680171,7.070516410519472,21.178328155825746
11.0,10.94897889137268,3.550556635694961,3.9898878854105577,17.908069897334805
10.0,11.389457802772522,3.8012993832789967,3.938911011545689,18.840004593999357
9.0,6.410563249588012,4.463302365178408,-2.337509386161667,15.158635885337691
8.0,5.548985447883606,2.9575377062621966,-0.24778845639029967,11.345759352157511
7.0,3.752537853717804,3.0736549232577945,-2.2718257958674735,9.776901503303081
6.0,2.9945174789428712,3.5542136154578485,-3.971741207354512,9.960776165240254
5.0,3.6279713988304136,4.659261726360718,-5.504181584836593,12.76012438249742
4.0,3.041896002292633,4.051076603382509,-4.898214140337085,10.982006144922352
3.0,1.7642815375328065,3.726848851124078,-5.540342210670386,9.068905285736
2.0,0.39901883840560914,3.9534587318250125,-7.349760275971415,8.147797952782634
1.0,-1.1039030146598816,4.605439219625509,-10.130563885125879,7.9227578558061165
0.0,-3.1592592811584472,4.203976222813201,-11.39905267787232,5.080534115555426
125.0,118.06912368774414,4.378099720484284,109.48804823559495,126.65019913989333
125.0,118.2126856994629,4.930215979715233,108.54946237922104,127.87590901970475
125.0,113.87234237670899,5.0201962904330175,104.03275764746027,123.7119271059577
125.0,109.07095428466796,4.334957620319552,100.57443734884164,117.56747122049428
125.0,107.41042709350586,4.6738533214374955,98.24967458348837,116.57117960352335
125.0,110.45392440795898,5.448405195501093,99.77505022477683,121.13279859114112
125.0,110.57945877075196,4.4279802938362165,101.90061739483298,119.25830014667093
125.0,105.13603515625,4.455557656771025,96.40314214897879,113.86892816352122
125.0,104.18680221557617,4.913083226183885,94.55715909225574,113.81644533889659
125.0,111.58673141479493,4.419931125765361,102.92366640829482,120.24979642129503
125.0,111.44399322509766,4.704221494189215,102.22371909648679,120.66426735370852
125.0,108.68600311279297,5.0306552581672666,98.82591880678513,118.54608741880082
125.0,105.15391738891601,4.540260602007637,96.25500660898105,114.05282816885098
125.0,105.6185627746582,5.291365205427853,95.24748697201962,115.98963857729679
125.0,109.12618957519531,6.091577535439015,97.18669760573485,121.06568154465577
125.0,110.38803909301758,4.656709736479109,101.26088800951852,119.51519017651664
125.0,116.78924255371093,5.53930781269141,105.93219924083577,127.6462858665861
125.0,117.29635665893555,5.219284461857783,107.0665591136943,127.5261542041768
125.0,118.2867024230957,4.076015378707087,110.29771228082981,126.2756925653616
125.0,118.4373992919922,5.110984063247534,108.41987052802703,128.45492805595737
125.0,120.41624801635743,5.034105076677307,110.5494020660699,130.28309396664494
125.0,118.5196614074707,5.171963971221772,108.38261202387604,128.6567107910654
125.0,114.60803466796875,5.526398113415267,103.77629436567483,125.43977497026268
125.0,117.59958618164063,5.778627153234366,106.27347696130127,128.92569540198
125.0,120.6106346130371,4.973962091011908,110.86166891465376,130.35960031142045
125.0,119.10794891357422,5.215973761671522,108.88464034069804,129.3312574864504
125.0,121.34952606201172,4.864218545161917,111.81565771349436,130.88339441052906
125.0,120.50280548095704,5.976730373628419,108.78841394864534,132.21719701326873
125.0,120.75890396118164,4.937122524267584,111.08214381361718,130.4356641087461
125.0,121.03336990356445,4.967367472873078,111.29732965673321,130.7694101503957
125.0,122.05139526367188,4.433429995755553,113.36187247199099,130.74091805535275
125.0,120.91009353637695,5.714972287912107,109.70874785206922,132.11143922068467
125.0,119.11976196289062,6.034973134313501,107.29121461963616,130.9483093061451
125.0,119.04371780395508,5.1921941049939475,108.86701735816693,129.2204182497432
125.0,119.89276153564452,5.712459016864506,108.69634186259009,131.08918120869896
125.0,120.90270889282226,4.883447564008302,111.33115166736599,130.47426611827854
125.0,120.6394482421875,5.9106684746191425,109.05453803193399,132.224358452441
125.0,120.66127975463867,4.920510199145489,111.01707976431351,130.30547974496383
125.0,120.26058975219726,4.693343098543782,111.06163727905145,129.45954222534309
125.0,120.66154403686524,5.308650652272284,110.25658875841157,131.0664993153189
125.0,121.20269180297852,5.344532135538687,110.7274088173227,131.67797478863434
125.0,120.8971336364746,5.656723820123156,109.80995494903323,131.984312323916
125.0,120.49605606079102,5.690082906412463,109.3434935642226,131.64861855735944
125.0,122.34671295166015,5.373902656737892,111.81386374445388,132.8795621588664
125.0,120.75224227905274,4.835895623030072,111.2738868579138,130.23059770019168
125.0,121.2512564086914,4.929274904343715,111.58987759617773,130.91263522120508
125.0,121.85079620361329,5.0709174481430495,111.9117980052529,131.78979440197367
125.0,121.43777099609375,5.1397584755459045,111.36384438402378,131.51169760816373
125.0,120.57953552246094,4.917125218120273,110.9419700949452,130.21710094997667
125.0,120.89461807250977,3.894478566391237,113.26144008238295,128.52779606263658
125.0,121.27881271362304,5.425556147360968,110.64472266479554,131.91290276245053
125.0,121.13458526611328,5.3123494926389965,110.72238026054085,131.54679027168572
125.0,117.85210342407227,4.338052471714817,109.34952057951122,126.35468626863332
125.0,117.76279998779297,4.976985230677321,108.00790893566543,127.51769103992052
125.0,119.99897705078125,5.459786518136847,109.29779547523303,130.70015862632948
125.0,120.7464291381836,4.760028586179952,111.41677310927089,130.0760851670963
125.0,121.0294987487793,5.146859490421973,110.94165414755224,131.11734335000637
125.0,119.9257991027832,5.173309034652209,109.78611339486487,130.06548481070152
125.0,118.26592590332031,5.5304321917073365,107.42627880757394,129.10557299906668
125.0,116.31265319824219,5.091547024073137,106.33322103105884,126.29208536542554
125.0,117.65838653564452,4.985709608359117,107.88639570326066,127.43037736802839
125.0,118.26958358764648,5.1770404410808135,108.12258432312808,128.41658285216488
125.0,116.88948867797852,4.72947571819461,107.61971627031708,126.15926108563995
125.0,115.30401245117187,5.692317032664695,104.14707106714907,126.46095383519467
125.0,111.3657307434082,4.827380828762677,101.90406431903335,120.82739716778306
125.0,107.77953979492187,4.4453977286997715,99.06656024667032,116.49251934317343
125.0,106.96920333862305,5.052300923607963,97.06669352835144,116.87171314889466
125.0,106.20323211669921,4.885991514610172,96.62668874806327,115.77977548533515
125.0,106.17271499633789,4.343967607218138,97.65853848619034,114.68689150648544
125.0,105.67875030517578,4.29479429407559,97.26095348878762,114.09654712156394
125.0,98.42641235351563,4.837026925725036,88.94583957909455,107.90698512793671
125.0,97.37239303588868,3.8045772619811125,89.9154216024057,104.82936446937165
125.0,101.22272323608398,4.853075669206947,91.71069492443836,110.7347515477296
125.0,101.49311569213867,3.8808216419502846,93.88670527391612,109.09952611036123
125.0,102.64677124023437,5.216032587777391,92.42334736819069,112.87019511227805
125.0,111.23950164794923,5.116015120438707,101.21211201188936,121.26689128400909
125.0,116.16722900390624,5.870247375749234,104.66154414743775,127.67291386037473
125.0,118.81056457519531,5.219163365974112,108.58100437788606,129.04012477250458
125.0,113.48815902709961,5.008687047101587,103.6711324147805,123.30518563941872
125.0,113.42606811523437,4.34914136173096,104.90175104624169,121.95038518422706
125.0,113.96539169311524,4.22534594263956,105.6837136455417,122.24706974068877
125.0,114.17932479858399,4.474549127669703,105.40920850835137,122.94944108881661
125.0,118.16692291259766,4.812932850697561,108.73357452523044,127.60027129996487
125.0,117.23543731689453,5.43641355014012,106.58006675861989,127.89080787516917
125.0,117.76556457519531,6.237834161616221,105.53940961842753,129.9917195319631
125.0,115.82431015014649,5.4926624993112085,105.05869165149652,126.58992864879646
125.0,117.80245010375977,5.545895239173834,106.93249543497905,128.6724047725405
125.0,117.0775392150879,5.931329024459279,105.4521343271477,128.70294410302807
125.0,117.5061685180664,5.682650250654268,106.36817402678403,128.64416300934877
125.0,119.55156280517578,4.395552037970781,110.93628081075305,128.1668447995985
125.0,117.20895797729492,4.949642526030013,107.50765862627608,126.91025732831375
125.0,118.40685821533204,5.398682487564545,107.82544053970553,128.98827589095853
125.0,117.37643936157227,5.180761775390672,107.22214628180654,127.53073244133799
125.0,116.21351470947266,5.208314681602574,106.00521793353161,126.42181148541371
125.0,116.9300910949707,5.627314367808531,105.90055493406598,127.95962725587543
125.0,118.82800857543945,4.791680497408909,109.43631480051799,128.2197023503609
125.0,118.7355940246582,4.379240107865211,110.15228341324239,127.31890463607401
125.0,119.19528335571289,5.479211147215522,108.45602950717047,129.93453720425532
125.0,120.80024932861328,5.076289579388464,110.85072175301188,130.74977690421466
125.0,120.19373825073242,5.89081996328262,108.64773112269849,131.73974537876637
125.0,119.91036987304688,6.035768329464077,108.08026394729728,131.74047579879647
125.0,118.02034515380859,5.607680086801057,107.02929218367852,129.01139812393868
125.0,120.82528686523438,5.716144546994805,109.62164355312456,132.0289301773442
125.0,119.88342498779296,5.381971001774966,109.33476182431403,130.4320881512719
125.0,120.27475112915039,4.675730460512403,111.11031942654608,129.4391828317547
125.0,119.68737167358398,4.8111053941308235,110.25760510108756,129.1171382460804
125.0,120.58331573486328,5.845410747562014,109.12631066964173,132.04032080008483
125.0,118.8623094177246,6.956123022574125,105.22830829347932,132.49631054196988
125.0,117.84717254638672,4.3575620868766975,109.3063508561084,126.38799423666504
125.0,117.24521926879883,4.5365063700490325,108.35366678350273,126.13677175409494
125.0,119.80401092529297,5.890439878879567,108.25874876268902,131.34927308789693
125.0,117.03781219482421,5.241948938709378,106.76359227495384,127.31203211469459
125.0,117.57317443847656,4.616137106312044,108.52554571010495,126.62080316684816
125.0,119.37658554077149,4.012879691177558,111.51134134606347,127.2418297354795
125.0,118.16327041625976,5.2628021077500495,107.84817828506966,128.47836254744985
125.0,119.75775085449219,5.194690290255507,109.57615788559139,129.939343823393
125.0,117.20955810546874,5.244305200554146,106.93071991238261,127.48839629855487
125.0,118.53058319091797,5.432302611897826,107.88327007159823,129.1778963102377
125.0,119.39365310668946,4.796744173428368,109.99203452676986,128.79527168660906
125.0,117.82682922363281,5.810509438953368,106.43823072328422,129.2154277239814
125.0,118.07809295654297,4.78135900485255,108.70662930703197,127.44955660605397
125.0,114.47502212524414,4.571043440674665,105.5157769815218,123.43426726896648
125.0,115.58099273681641,4.641923298524924,106.48282307170756,124.67916240192527
125.0,116.38784057617187,5.125478618347785,106.34190248421021,126.43377866813353
125.0,116.26788467407226,4.960441068376999,106.54542018005334,125.99034916809119
125.0,115.49978302001954,5.8713834396957925,103.99187147821578,127.00769456182329
125.0,116.27262908935546,4.832630996519735,106.80067233617677,125.74458584253415
125.0,112.79689010620118,5.103163801993858,102.79468905429322,122.79909115810914
125.0,112.67695144653321,5.7494441540712495,101.40804090455356,123.94586198851286
125.0,112.11384552001954,5.6923009989703255,100.9569355620377,123.27075547800138
125.0,116.30335250854492,4.785691269620285,106.92339762008916,125.68330739700068
125.0,115.83199813842774,5.384192064048663,105.27898169289236,126.38501458396311
125.0,114.33805252075196,5.515235025395445,103.52819187097688,125.14791317052703
125.0,114.16121780395508,6.0053880691860275,102.39065718835047,125.93177841955969
125.0,116.3935157775879,6.281548289558237,104.08168113005375,128.70535042512205
125.0,117.50870834350586,4.333465972854029,109.01511503671196,126.00230165029976
125.0,118.41750259399414,4.146234980297586,110.29088203261088,126.5441231553774
125.0,120.5921630859375,5.476996735632387,109.85724948409802,131.32707668777698
125.0,118.30655792236328,3.5731328960656747,111.30321744607456,125.30989839865201
125.0,117.28946136474609,5.887275259763451,105.75040185560972,128.82852087388244
125.0,117.41142059326172,4.419556703920889,108.74908945357679,126.07375173294666
125.0,115.45085968017578,5.94034011645241,103.80779305192905,127.09392630842251
125.0,117.3978791809082,4.600453917368296,108.38098950286634,126.41476885895007
125.0,113.90230285644532,4.499513342871495,105.08325670441718,122.72134900847345
125.0,113.555859375,5.206790219273285,103.35055054522437,123.76116820477563
125.0,110.9552734375,4.210914326805397,102.70188135696142,119.20866551803857
125.0,114.45492782592774,4.2580528784506795,106.1091441841644,122.80071146769107
125.0,117.29808166503906,5.806388158104421,105.9175608751544,128.67860245492372
125.0,114.22667434692383,5.084637165455844,104.26078550263037,124.19256319121729
125.0,107.25115036010742,4.693939315029166,98.05102930265025,116.45127141756458
125.0,103.55614181518554,4.892729467497962,93.96639205888954,113.14589157148154
125.0,100.58607711791993,4.202612632995476,92.3489563572488,108.82319787859106
125.0,108.42857666015625,5.474731913844512,97.69810210902101,119.1590512112915
125.0,105.71936279296875,4.120845262249687,97.64250607895937,113.79621950697813
125.0,106.27233367919922,5.8715958577400595,94.7640057980287,117.78066156036974
125.0,110.53226425170898,5.171715341335552,100.3957021826913,120.66882632072667
125.0,110.07029190063477,4.665641395547997,100.9256347653607,119.21494903590884
125.0,107.95470062255859,4.466190888622537,99.20096648085841,116.70843476425877
125.0,110.24563385009766,5.094100073874107,100.26119770530441,120.23006999489091
125.0,110.39684982299805,4.275926171602268,102.0160345266576,118.7776651193385
125.0,109.74563171386718,5.818651530279172,98.34107471452,121.15018871321436
125.0,106.9414340209961,4.233198393338912,98.64436517005183,115.23850287194037
125.0,109.06399169921875,5.058200956658196,99.14991782416868,118.97806557426881
125.0,105.54713088989257,5.524212286319719,94.71967480870592,116.37458697107922
125.0,111.83325332641601,5.272847377454962,101.49847246660428,122.16803418622774
125.0,106.11237152099609,5.137498527054121,96.04287440797002,116.18186863402217
125.0,99.44043716430664,5.024462608301558,89.59249045203559,109.2883838765777
125.0,88.8358918762207,4.0286776076328445,80.93968376526033,96.73209998718107
125.0,89.3347087097168,3.4831059229944197,82.50782110064773,96.16159631878585
125.0,88.04667022705078,4.374179751268863,79.47327791456381,96.62006253953776
125.0,93.4650961303711,4.240189926941214,85.15432387356631,101.77586838717588
125.0,93.99014114379882,3.6329626836722038,86.8695342838013,101.11074800379635
125.0,91.83196182250977,3.3120595504711448,85.34032510358632,98.32359854143321
125.0,90.6927732849121,5.463456390334255,79.98439875985697,101.40114780996724
125.0,90.62584747314453,4.767342122687985,81.28185691267608,99.96983803361299
125.0,88.95854125976562,4.172267964472399,80.78089604939973,97.13618647013152
125.0,92.81932312011719,4.065444704142605,84.85105149999768,100.7875947402367
124.0,91.85202453613282,4.767502631871139,82.50771937766538,101.19632969460025
123.0,98.8100910949707,4.129839756837665,90.71560517156888,106.90457701837252
122.0,91.7000456237793,5.2675007254333694,81.3757442019299,102.0243470456287
121.0,96.94407058715821,5.826470335112614,85.52418873033749,108.36395244397893
120.0,97.87654754638672,4.8773504033105555,88.31694075589803,107.4361543368754
119.0,93.80738906860351,4.145331298437031,85.68253972366693,101.93223841354009
118.0,82.78861297607422,4.616298325298082,73.74066825848998,91.83655769365846
117.0,75.43926483154297,4.144345206096012,67.31634822759479,83.56218143549115
116.0,74.04634811401367,3.854545062101626,66.49143979229449,81.60125643573285
115.0,87.53548721313477,4.231893921768793,79.24097512646793,95.82999929980161
114.0,91.77204635620117,4.801123978642468,82.36184335806193,101.18224935434041
113.0,88.54611618041992,4.711815359212921,79.3109580763626,97.78127428447723
112.0,83.74139312744141,4.559894773451109,74.80399937147723,92.67878688340559
111.0,91.37200119018554,4.266533707073841,83.00959512432081,99.73440725605028
110.0,91.56291244506836,4.72603718792594,82.29987955673352,100.82594533340321
109.0,98.68033416748047,5.2881282361678945,88.3156028245914,109.04506551036954
108.0,90.70846466064454,4.583212409858958,81.72536833732099,99.69156098396809
107.0,84.950205078125,3.5426393864505363,78.00663188068194,91.89377827556805
106.0,82.39025695800781,5.061350488197356,72.47001000114099,92.31050391487463
105.0,77.23297592163085,3.8731898277748225,69.6415238591922,84.8244279840695
104.0,74.09496551513672,3.4268785275729976,67.37828360109364,80.8116474291798
103.0,68.03574028015137,3.508204492375336,61.159659475095715,74.91182108520704
102.0,69.9471743774414,3.699888099088671,62.6953937032276,77.19895505165519
101.0,71.91288948059082,3.721022656385922,64.61968507407441,79.20609388710723
100.0,72.70104103088379,4.018147052452361,64.82547280807717,80.5766092536904
99.0,72.12873466491699,3.899612585893406,64.48549399656592,79.77197533326806
98.0,72.79406608581543,3.655332173018349,65.62961502669947,79.95851714493139
97.0,73.29857528686523,3.52987522364615,66.38001984851877,80.21713072521169
96.0,67.00261566162109,3.150192897372512,60.82823758277097,73.17699374047122
95.0,62.871295852661135,3.537820010459022,55.93716863216145,69.80542307316082
94.0,57.54564743041992,4.040929652037178,49.62542531242705,65.46586954841278
93.0,58.968995056152345,3.766762771710743,51.58614002359929,66.3518500887054
92.0,61.24719390869141,3.3565134816978963,54.66842748456353,67.82596033281928
91.0,59.12239303588867,3.697705120862795,51.87489099899759,66.36989507277974
90.0,59.35614250183105,3.6424763040245094,52.21688894594301,66.49539605771909
89.0,58.90105522155762,4.0568094752233765,50.9497086501198,66.85240179299544
88.0,60.77948356628418,3.2585889957442027,54.39264913462554,67.16631799794281
87.0,58.345924835205075,3.454298252571521,51.575500260164894,65.11634941024525
86.0,57.023669967651365,3.9513010764362164,49.27911985783638,64.76822007746635
85.0,60.028125228881834,4.304100350640666,51.592088541626126,68.46416191613754
84.0,61.13441757202148,3.8365457665262244,53.614787869630085,68.65404727441289
83.0,62.11324401855469,3.3527199808507384,55.541912856087244,68.68457518102214
82.0,60.445611801147464,3.4688232336643336,53.64671826316537,67.24450533912956
81.0,57.47507255554199,3.15340663037382,51.294395560009306,63.65574955107468
80.0,54.17895896911621,3.5710321511854644,47.1797359527927,61.17818198543972
79.0,55.23505851745605,3.797137829805169,47.79266837103792,62.67744866387419
78.0,56.26068717956543,3.4610414568635663,49.47704592411284,63.044328435018016
77.0,55.359567108154295,4.72646183294864,46.09570191557496,64.62343230073363
76.0,54.991483459472654,4.692716190882275,45.79375972534339,64.18920719360192
75.0,52.71097259521484,3.786674262482331,45.28909104074947,60.13285414968021
74.0,52.10290245056152,3.2977862314853157,45.639241436850305,58.56656346427274
73.0,50.48622879028321,3.508394363156985,43.609775838495516,57.3626817420709
72.0,50.375150451660154,3.3470917395658626,43.81485064211106,56.93545026120925
71.0,47.301833953857425,3.088729034804726,41.24792504564016,53.35574286207469
70.0,46.633589553833005,3.7929666774567923,39.19937486601769,54.06780424164832
69.0,45.920762100219726,3.284558800896129,39.48302685046331,52.35849734997614
68.0,44.644595260620115,4.267357944313536,36.28057368976558,53.00861683147465
67.0,43.17563926696777,3.951717637027133,35.43027269839459,50.92100583554095
66.0,41.30764232635498,3.533762272489879,34.381468272274816,48.233816380435144
65.0,38.471047706604004,3.52490126803207,31.562241221261147,45.37985419194686
64.0,34.7854517364502,3.0759447921495053,28.756599943837166,40.81430352906323
63.0,34.76446109771729,2.9728216999452184,28.93773056582466,40.591191629609916
62.0,32.895227966308596,3.905288365409834,25.240862770105323,40.54959316251187
61.0,35.764073028564454,3.2189081736841842,29.455013008143453,42.073133048985454
60.0,38.06924476623535,3.510258047032412,31.189138994051824,44.94935053841888
59.0,40.76414413452149,3.074389063260193,34.73834157053151,46.789946698511464
58.0,39.420865325927736,3.3509470802926447,32.85300904855415,45.98872160330132
57.0,37.09736652374268,3.19782541307235,30.829628714120872,43.365104333364485
56.0,36.009024162292484,3.891593131106189,28.381501625324354,43.63654669926061
55.0,35.711173095703124,3.3887084495361384,29.069304534612293,42.353041656793955
54.0,31.681097526550293,3.3925054294536854,25.03178688482107,38.33040816827952
53.0,28.174231185913087,3.3749862931119092,21.559258051413742,34.78920432041243
52.0,29.472367095947266,2.7861573989652255,24.011498593975425,34.93323559791911
51.0,25.05043529510498,3.8945815819812593,17.41705539442171,32.68381519578825
50.0,24.38892894744873,3.225816757021337,18.066328103686907,30.711529791210552
49.0,25.73896755218506,3.8020754136171164,18.28689974149551,33.19103536287461
48.0,25.583596382141113,3.3916248209885547,18.936011733003546,32.23118103127868
47.0,26.617877197265624,2.5003500274569763,21.717191143449952,31.518563251081297
46.0,27.416855545043944,3.398626382642622,20.755547835064405,34.07816325502348
45.0,25.69692268371582,3.5400278553897118,18.758468087151982,32.635377280279656
44.0,26.262753658294677,4.137918963309682,18.1524324902077,34.373074826381654
43.0,25.77797653198242,3.2232891791603775,19.46032974082808,32.09562332313676
42.0,24.176703300476074,3.3208299494762605,17.667876599502605,30.685530001449543
41.0,23.89616024017334,3.144675352456103,17.73259654935938,30.059723930987303
40.0,25.665462341308594,3.4553226664887826,18.893029914990578,32.43789476762661
39.0,24.648028202056885,3.755287289887334,17.28766511387771,32.00839129023606
38.0,23.782812671661375,3.2803657248784996,17.353295850899517,30.212329492423233
37.0,22.79568084716797,4.073186827252641,14.812234665752792,30.779127028583147
36.0,23.78839401245117,3.053569218096176,17.803398344982668,29.773389679919674
35.0,22.07479410171509,2.915457982286572,16.36049645643341,27.789091746996768
34.0,20.403438129425048,3.607285124023671,13.333159286338653,27.473716972511443
33.0,21.048540744781494,3.37244928047307,14.438540155054277,27.658541334508712
32.0,19.9093567276001,4.350738224672097,11.381909807242788,28.436803647957408
31.0,19.039079189300537,3.69547568784967,11.795946841115184,26.282211537485892
30.0,18.63843732833862,3.6222353542664973,11.538856033976288,25.738018622700956
29.0,18.015765895843504,3.9632818212860714,10.247733526122804,25.783798265564204
28.0,18.383446922302245,3.7792702272608074,10.976077276871063,25.790816567733426
27.0,16.448977966308593,3.414288628092451,9.75697225524739,23.140983677369796
26.0,17.60047737121582,3.3049317866744032,11.122811069333991,24.07814367309765
25.0,15.876241035461426,3.7490206477355783,8.528160565899693,23.22432150502316
24.0,14.279447937011719,3.7240996581181123,6.980212607100219,21.57868326692322
23.0,14.068706760406494,3.761779775142402,6.695618401127386,21.4417951196856
22.0,12.063200588226318,3.2554332855636274,5.682551348521608,18.443849827931025
21.0,10.502328572273255,3.720980516010233,3.2092067608931982,17.79545038365331
20.0,9.397326979637146,3.477366948560437,2.5816877604586903,16.2129661988156
19.0,10.542470059394837,3.5129932490432845,3.6570032912699997,17.427936827519673
18.0,8.982343425750733,3.1558840158962433,2.7968107545940954,15.16787609690737
17.0,7.979142544269561,2.8113407583134706,2.4689146579751586,13.489370430563964
16.0,9.257015428543092,3.6459329840235157,2.110986779857001,16.403044077229183
15.0,11.063114354610443,3.468301673684781,4.265243074188272,17.860985635032613
14.0,10.565983335971833,3.586473225722023,3.5364958135566678,17.595470858386996
13.0,9.113381967544555,3.752118842110375,1.75922903700822,16.467534898080892
12.0,8.467910552024842,3.320682228631088,1.9593733839079093,14.976447720141774
11.0,7.914491903781891,3.5528078626636534,0.9509884929611303,14.877995314602652
10.0,6.497786965370178,3.097191689196738,0.4272912545445715,12.568282676195786
9.0,5.102417645454406,3.5623638948411576,-1.879815588434262,12.084650879343075
8.0,4.452035825252533,3.5910118838631875,-2.586347467119314,11.49041911762438
7.0,3.926000547409058,3.1876121091748417,-2.321719186573632,10.173720281391748
6.0,4.396660182476044,3.9277700765883274,-3.3017691676370777,12.095089532589165
5.0,2.15462965965271,3.816604379951068,-5.325914925051383,9.635174244356804
4.0,0.9467844462394714,3.933734872758892,-6.763335904367957,8.6569047968469
3.0,1.467313392162323,4.177757104682587,-6.721090533015547,9.655717317340192
2.0,-0.04346394777297974,4.562295984334069,-8.985564077067755,8.898636181521796
1.0,-0.7651062679290771,4.009934567714224,-8.624578020648956,7.094365484790802
0.0,-1.5276113057136536,3.7834705466063743,-8.943213577062147,5.88799096563484
115.0,113.56719116210938,4.713796995481237,104.32814905096616,122.8062332732526
114.0,114.54416610717773,6.140357618309237,102.50906517529162,126.57926703906384
113.0,115.35588607788085,5.284065915728126,104.99911688305373,125.71265527270798
112.0,116.853193359375,4.167559016532672,108.68477768697096,125.02160903177904
111.0,115.55683517456055,5.343692717655656,105.08319744795546,126.03047290116564
110.0,116.4463575744629,4.673500989372575,107.28629563529265,125.60641951363314
109.0,116.05720321655274,5.423022051622611,105.42807999537241,126.68632643773306
108.0,113.67278091430664,4.803796723331239,104.25733933657742,123.08822249203587
107.0,114.79480712890626,5.174500954568983,104.65278525795105,124.93682899986146
106.0,112.87378890991211,4.93733678411793,103.19660881304097,122.55096900678325
105.0,112.73736740112305,5.597451840989673,101.7663617927833,123.7083730094628
104.0,112.76303039550781,5.053561805569076,102.85804925659242,122.6680115344232
103.0,114.83904327392578,5.604012751630853,103.8551782807293,125.82290826712226
102.0,114.61818130493164,5.406844835644259,104.0207654270689,125.21559718279438
101.0,113.44948989868163,4.993528110403391,103.66217480229099,123.23680499507228
100.0,118.83695068359376,4.730230653200533,109.56569860332071,128.1082027638668
99.0,120.62739868164063,4.782217850092214,111.25425169545989,130.00054566782137
98.0,117.50881240844727,5.118995523623228,107.47558118214575,127.5420436347488
97.0,118.36280349731446,4.939020758845713,108.68232280997687,128.04328418465207
96.0,119.09834045410156,5.005898384821365,109.28677961985169,128.90990128835145
95.0,118.1906639099121,5.585328879175772,107.24341930672759,129.13790851309662
94.0,117.31027069091797,5.56236022565911,106.40804464862612,128.21249673320983
93.0,115.67298126220703,4.93547621534038,105.99944788013988,125.34651464427418
92.0,113.4593374633789,4.701745763856138,104.24391576622087,122.67475916053694
91.0,114.06698364257812,4.614956233715705,105.02166942449534,123.1122978606609
90.0,113.77122924804688,4.909257088289953,104.14908535499858,123.39337314109518
89.0,112.84045608520508,4.758442106257854,103.51390955693968,122.16700261347047
88.0,111.3882389831543,4.8429154308091915,101.89612473876828,120.88035322754031
87.0,111.47207626342774,5.571206758387164,100.5525110169889,122.39164150986657
86.0,112.4357374572754,5.464617951542507,101.72508627225208,123.1463886422987
85.0,108.83632415771484,5.009252490089594,99.01818927713924,118.65445903829044
84.0,110.45018936157227,4.382773331378064,101.85995363207127,119.04042509107327
83.0,111.61029418945313,4.411262394296553,102.96421989663189,120.25636848227437
82.0,110.46567092895508,5.551402932024507,99.58492118218705,121.34642067572311
81.0,109.64961090087891,4.715448119156434,100.4073325873323,118.89188921442552
80.0,109.82889785766602,5.189719909903375,99.65704683425541,120.00074888107663
79.0,108.2824250793457,5.9415331771184245,96.63702005219359,119.92783010649781
78.0,103.81335983276367,4.722934693592558,94.55640783332225,113.07031183220508
77.0,102.11773956298828,5.470322978635646,91.39590652486241,112.83957260111414
76.0,101.81655746459961,5.144610725637591,91.73312044234993,111.8999944868493
75.0,100.77234481811523,4.016656133175379,92.89969879709149,108.64499083913897
74.0,101.65801895141601,5.256266295567244,91.35573701210421,111.96030089072781
73.0,100.31401657104492,4.586539118076558,91.32439989961486,109.30363324247497
72.0,84.91772109985351,3.5523956787967768,77.95502556941183,91.88041663029519
71.0,78.46039443969727,4.365621492343562,69.90377631470389,87.01701256469065
70.0,76.30874755859375,3.9637948576166995,68.53970963766503,84.07778547952248
69.0,71.9858927154541,3.89431756024592,64.3530302973721,79.6187551335361
68.0,67.7011540222168,3.711510899578783,60.426592659042385,74.97571538539121
67.0,68.21215705871582,4.1021023465847595,60.17203645940969,76.25227765802194
66.0,71.35690887451172,3.765021661483924,63.977466418003225,78.7363513310202
65.0,74.87287841796875,4.094569105615108,66.84752297096314,82.89823386497436
64.0,76.44334442138671,4.1314252636129005,68.34575090470543,84.540937938068
63.0,75.51209121704102,4.460751865434185,66.76901756079002,84.25516487329202
62.0,72.74100280761719,3.3542349482888834,66.16670230897098,79.3153033062634
61.0,72.01063987731933,3.9680934219326716,64.2331767703313,79.78810298430737
60.0,73.93992233276367,3.639076135030961,66.807333108103,81.07251155742435
59.0,77.12569290161133,3.9954334537895964,69.29464333218372,84.95674247103894
58.0,82.7402505493164,4.627001650507084,73.67132731432251,91.80917378431029
57.0,84.65087905883789,3.746811576511305,77.30712836887572,91.99462974880005
56.0,86.9256428527832,4.129984872552644,78.83087250258002,95.02041320298638
55.0,87.1604981994629,3.7147531954581443,79.87958193636493,94.44141446256086
54.0,85.00179077148438,3.857442106220766,77.44120424329168,92.56237729967708
53.0,79.71642822265625,3.489155180451387,72.87768406897153,86.55517237634096
52.0,74.39087219238282,4.474144410259479,65.62154914827424,83.16019523649139
51.0,72.99855560302734,3.989972542318861,65.17820942008237,80.81890178597232
50.0,65.86314163208007,4.0621446486236445,57.90133812077773,73.82494514338242
49.0,64.2706982421875,4.500132472491496,55.45043859610418,73.09095788827084
48.0,61.66001075744629,4.856495103111583,52.14128035534758,71.17874115954498
47.0,61.34491882324219,3.7362872323563763,54.02179584782369,68.66804179866068
46.0,58.85713554382324,4.143171630422905,50.73651914819435,66.97775193945213
45.0,51.71600555419922,3.8046460787011496,44.25889923994497,59.173111868453475
44.0,53.8931022644043,3.085481946074816,47.84555765009766,59.940646878710936
43.0,55.375827102661134,3.7149553704622225,48.09451457655518,62.65713962876709
42.0,57.38643035888672,3.300457676653967,50.91753331264495,63.85532740512849
41.0,49.239613723754886,3.4146427143837528,42.54691400356273,55.93231344394704
40.0,49.24484680175781,4.161187087580063,41.08892011010089,57.40077349341473
39.0,53.69748413085937,4.146437793186884,45.57046605621308,61.82450220550567
38.0,53.01319847106934,2.8561260169736458,47.41519147780099,58.61120546433769
37.0,52.208350296020505,4.179810194317976,44.01592231515727,60.40077827688374
36.0,53.879024505615234,3.2542025082631807,47.5007875894194,60.257261421811066
35.0,48.54401428222656,2.9086245150535506,42.84311023272161,54.24491833173152
34.0,52.14597282409668,3.511533777569212,45.26336662006103,59.028579028132334
33.0,48.61979499816894,3.0557683243075844,42.630489082526076,54.60910091381181
32.0,40.87631416320801,2.9715763884783915,35.05202444179036,46.70060388462566
31.0,39.55673839569092,3.4718077250787123,32.751995254536645,46.3614815368452
30.0,34.106585845947265,2.9299224613911616,28.36393782162059,39.84923387027394
29.0,29.642025604248047,2.99279394483713,23.776149472367273,35.50790173612882
28.0,26.208673973083496,3.452026197030363,19.442702626903984,32.974645319263004
27.0,25.230371208190917,2.83164938588572,19.680338411854905,30.78040400452693
26.0,24.914488945007324,2.716584678346775,19.589982975447647,30.238994914567
25.0,25.338643150329588,2.6200173265262765,20.203409190338085,30.47387711032109
24.0,25.3113729095459,2.8941188390955954,19.63889998491853,30.983845834173266
23.0,23.761750602722167,3.0403659596120187,17.80263332188261,29.720867883561723
22.0,21.629203491210937,2.8065982807385894,16.1282708609633,27.130136121458573
21.0,21.519674549102785,2.989265213084836,15.660714731456506,27.37863436674906
20.0,21.184910163879394,3.44069046847237,14.44115684567355,27.928663482085238
19.0,20.30360954284668,2.9393730965670404,14.54243827357528,26.06478081211808
18.0,18.23466548919678,2.9014297602965002,12.547863159015638,23.92146781937792
17.0,17.99233877182007,3.0405061883631537,12.03294664262829,23.95173090101185
16.0,18.17431198120117,2.7481215937525474,12.78799365744618,23.560630304956163
15.0,14.420826454162597,3.2761097332372247,7.999651377017637,20.84200153130756
14.0,14.728766250610352,3.1386241470943146,8.577062922305496,20.88046957891521
13.0,14.479152641296388,2.753789156803867,9.081725893960808,19.876579388631967
12.0,12.937193775177002,2.935347465187578,7.1839127434093495,18.690474806944657
11.0,11.509876170158385,2.9477156381913105,5.732353519303417,17.287398821013355
10.0,8.832259378433228,3.2667346374718633,2.4294594889883765,15.23505926787808
9.0,8.650952434539795,3.647683019626956,1.5014937160709616,15.800411153008628
8.0,7.486067855358124,3.783308573082062,0.07078305211728253,14.901352658598967
7.0,6.540078291893005,3.363944083409236,-0.053252111589097595,13.133408695375108
6.0,4.803377735614776,3.1461752389249686,-1.3631257326781618,10.969881203907715
5.0,4.272157881259918,3.241824175379745,-2.081817502484382,10.626133265004219
4.0,2.420712859630585,3.8237763458490943,-5.0738887782336395,9.91531449749481
3.0,1.3615788769721986,3.3742951099790703,-5.2520395385867795,7.975197292531177
2.0,1.379667820930481,3.274040912639482,-5.037452367842905,7.7967880097038655
1.0,-0.662820155620575,3.1774326984835977,-6.890588244648426,5.564947933407276
0.0,-2.8836053085327147,3.1800271065571994,-9.116458437384825,3.349247820319396
125.0,116.34075485229492,4.979820261370577,106.58030714000859,126.10120256458126
125.0,117.64347244262696,5.274080849290186,107.3062739780182,127.98067090723572
125.0,115.8994873046875,5.639204290438243,104.84664689542853,126.95232771394646
125.0,118.30088317871093,5.9186420271022895,106.70034480559045,129.90142155183142
125.0,117.12698806762695,5.316907564746616,106.70584924072358,127.54812689453033
125.0,117.2556852722168,6.392713304192678,104.72596719599915,129.78540334843444
125.0,115.85985427856446,5.644940184815727,104.79577151632563,126.92393704080328
125.0,117.52176086425781,4.580187994094803,108.544592395832,126.49892933268363
125.0,116.84594146728516,5.452530653865679,106.15898138570843,127.53290154886189
125.0,117.40694778442383,5.462706701136079,106.70004265019712,128.11385291865054
125.0,116.15501831054688,5.079845748238677,106.19852064399907,126.11151597709468
125.0,119.04863235473633,4.529869199986966,110.17008872276188,127.92717598671078
125.0,115.27631484985352,5.940006962992587,103.63390120238805,126.918728497319
125.0,113.31339462280273,5.643123791103818,102.25287199223925,124.37391725336622
125.0,115.92564163208007,5.0649689958917525,105.99830240013223,125.85298086402791
125.0,118.11830413818359,5.216602025626387,107.89376416795587,128.3428441084113
125.0,116.95121841430664,4.654014553606799,107.8293498892373,126.07308693937597
125.0,113.38855087280274,5.670271148230744,102.27481942227048,124.502282323335
125.0,115.62314025878906,4.323463575188573,107.14915165141946,124.09712886615867
125.0,114.52356140136719,5.003188653311527,104.7173116408766,124.32981116185778
125.0,115.6443374633789,4.485061867194054,106.85361620367856,124.43505872307925
125.0,116.4131379699707,5.762416679150904,105.11880127883494,127.70747466110647
125.0,114.92024185180664,5.003487633868885,105.11340608942362,124.72707761418965
125.0,117.17051040649415,6.147055449633863,105.12228172521178,129.21873908777653
125.0,117.1852473449707,5.706233271445312,106.0010301329379,128.3694645570035
125.0,114.04576583862304,5.047855395286815,104.15196926386088,123.9395624133852
125.0,114.16178009033203,4.993419789149979,104.37467730359808,123.94888287706598
125.0,116.09591003417968,4.700349758158214,106.88322450818958,125.30859556016978
125.0,115.8399674987793,5.024593302964651,105.99176462496858,125.68817037259002
125.0,116.08251113891602,5.080392749687639,106.12494134952824,126.0400809283038
125.0,114.51356643676758,4.999258991563652,104.71501881330282,124.31211406023233
125.0,115.40545028686523,4.574965491324791,106.43851792386864,124.37238264986182
125.0,118.10534851074219,5.967367960817084,106.4093073075407,129.80138971394368
125.0,118.19578063964843,4.822431117126471,108.74381565008055,127.64774562921632
125.0,115.71290893554688,5.350899740334497,105.22514544449126,126.2006724266025
125.0,117.57634994506836,4.404942806326328,108.94266204466875,126.21003784546797
125.0,115.9937419128418,4.812514694279634,106.56121311205372,125.42627071362988
125.0,116.74595184326172,5.927803243044569,105.12745748689437,128.36444619962907
125.0,117.59095184326172,4.613798933316132,108.5479059339621,126.63399775256134
125.0,116.02663528442383,5.197785676704318,105.83897535808337,126.21429521076429
125.0,115.91704910278321,4.789979153235193,106.52868996244223,125.30540824312419
125.0,116.67891052246094,5.242336367432891,106.40393124229247,126.9538898026294
125.0,117.41275558471679,5.370942716335151,106.8857078606999,127.93980330873369
125.0,117.00624450683594,6.336095637675718,104.58749705699154,129.42499195668034
125.0,117.51734619140625,4.149651409146582,109.38402942947894,125.65066295333355
125.0,115.48877456665039,4.8564729775141435,105.97008753072267,125.00746160257812
125.0,115.54816528320312,5.32108062159493,105.11884726487706,125.97748330152918
125.0,113.59668930053711,5.20997019732188,103.38514771378622,123.80823088728799
125.0,117.94433074951172,5.4557037481326445,107.25115140317173,128.6375100958517
125.0,117.20801696777343,5.478925123444881,106.46932372582147,127.9467102097254
125.0,117.7668243408203,5.028407516209979,107.91114560904875,127.62250307259187
125.0,113.86024490356445,5.0335777006232405,103.9944326103429,123.726057196786
125.0,113.01213226318359,6.0901280655433245,101.07548125471867,124.94878327164851
125.0,112.72092041015625,4.194264220903645,104.5001625371851,120.9416782831274
125.0,115.2362452697754,5.871502580903795,103.72810021120395,126.74439032834684
125.0,116.7199186706543,5.221931665741539,106.48493260580088,126.95490473550771
125.0,116.48292022705078,5.144317726202472,106.40005748369394,126.56578297040762
125.0,114.55961395263672,5.27721232022911,104.21627780498767,124.90295010028578
125.0,114.58378433227539,5.753720557612688,103.30649203935451,125.86107662519626
125.0,115.67125747680664,5.135551222155594,105.60557708138168,125.73693787223161
125.0,117.14811965942383,5.451905762351975,106.46238436521395,127.8338549536337
125.0,112.1852310180664,4.654373458658898,103.06265903909497,121.30780299703784
125.0,112.08316360473633,5.100090630059242,102.08698596982022,122.07934123965244
125.0,110.83635330200195,4.830207879099629,101.36914585896668,120.30356074503723
125.0,112.80221099853516,5.132353861876008,102.74279742925819,122.86162456781213
125.0,110.74164031982421,4.952673096350913,101.03440105097643,120.448879588672
125.0,105.79030838012696,4.971319922110909,96.04652133278958,115.53409542746434
125.0,108.13867568969727,5.078687687849774,98.18444782151171,118.09290355788282
125.0,111.09948364257812,5.041765731316958,101.21762280919688,120.98134447595936
125.0,111.56333892822266,5.548607106994402,100.68806899851363,122.4386088579317
125.0,104.5262680053711,3.9982978155258575,96.68960428694041,112.36293172380178
125.0,113.02099426269531,4.946359265547702,103.32613010222181,122.71585842316881
125.0,113.1477474975586,5.007396479082717,103.33325039855647,122.96224459656072
125.0,114.8571499633789,5.858850423193871,103.37380313391891,126.34049679283889
125.0,114.00569900512696,4.170246284344336,105.83201628781205,122.17938172244186
125.0,112.9532308959961,5.566806506192707,102.0422901438584,123.8641716481338
125.0,112.6465690612793,4.724442261441112,103.38666222885472,121.90647589370387
125.0,115.04917190551758,5.48782209733572,104.29304059473957,125.8053032162956
125.0,117.15558242797852,5.146566917651963,107.06831126938067,127.24285358657636
125.0,114.69074584960937,6.491685319840113,101.96704262272274,127.414449076496
125.0,116.9677131652832,5.30759734260457,106.56482237377824,127.37060395678816
125.0,116.81446655273437,5.557533386818869,105.92170111456939,127.70723199089936
125.0,114.02524459838867,4.249432113317264,105.69635765628684,122.3541315404905
125.0,113.5255403137207,5.494379317006732,102.7565568523875,124.29452377505389
125.0,109.82939498901368,5.125741848498657,99.78294096595631,119.87584901207104
125.0,112.40476989746094,4.892541517931649,102.8153885223149,121.99415127260697
125.0,108.39430099487305,4.367587920728432,99.83382867024532,116.95477331950077
125.0,112.8097348022461,4.449106961866268,104.08948515698822,121.52998444750398
125.0,114.91859298706055,5.50147382673994,104.13570428665027,125.70148168747083
125.0,114.45573715209962,4.136578720241018,106.34804286042723,122.563431443772
125.0,114.58439468383789,5.8246941277258655,103.16799419349519,126.00079517418058
125.0,113.458994140625,4.266829105381104,105.09600909407803,121.82197918717196
125.0,114.37787063598633,6.304067406827308,102.0218985186048,126.73384275336785
125.0,114.39880264282226,5.565471451984254,103.49047859693312,125.3071266887114
124.0,115.75154357910156,5.286477902564526,105.3900468900751,126.11304026812803
123.0,116.41905670166015,4.598416919472123,107.4061595394948,125.43195386382551
122.0,115.1781884765625,4.950441030538198,105.47532405670762,124.88105289641737
121.0,115.46108703613281,4.892488343536723,105.87180988280083,125.05036418946479
120.0,113.26547332763671,6.105672171039036,101.29835587240021,125.23259078287322
119.0,110.93165390014649,4.902212154812806,101.32331807671339,120.53998972357958
118.0,110.73516647338867,4.113463192023223,102.67277861702316,118.79755432975419
117.0,113.36663406372071,5.09968612297048,103.37124926269857,123.36201886474285
116.0,111.14382751464844,5.461676719904065,100.43894114363647,121.8487138856604
115.0,113.28659790039063,4.340855179271179,104.77852174901912,121.79467405176214
114.0,113.58934997558593,5.0874657015842,103.6179172004809,123.56078275069096
113.0,114.61804336547851,4.949301165971633,104.91741308017411,124.31867365078291
112.0,114.22827850341797,5.316824692520448,103.80730210607788,124.64925490075805
111.0,112.7649658203125,5.21084708423715,102.55170553520769,122.9782261054173
110.0,113.64591217041016,5.332187930775287,103.1948238260906,124.09700051472971
109.0,110.86785919189452,4.8759448488131545,101.31100728822074,120.42471109556831
108.0,111.25086364746093,4.560664633619231,102.31196096556724,120.18976632935463
107.0,112.85482772827149,4.238411327131437,104.54754152709387,121.1621139294491
106.0,111.27172866821289,5.103519467224015,101.26883051245382,121.27462682397196
105.0,112.46584838867187,6.024880645528282,100.65708232343644,124.2746144539073
104.0,108.93143661499023,4.537819032473386,100.03731131134239,117.82556191863807
103.0,110.43466201782226,4.951369475311878,100.72997784621099,120.13934618943354
102.0,102.79207397460938,4.511966165096917,93.94862029101942,111.63552765819934
101.0,103.33132949829101,5.1434169666209,93.25023224371405,113.41242675286797
100.0,101.1654037475586,4.752985265546524,91.8495526270874,110.4812548680298
99.0,95.12623123168946,3.8907399086318515,87.50038101077104,102.75208145260788
98.0,89.22551712036133,4.054689208869253,81.2783262709776,97.17270796974506
97.0,88.60130065917969,4.356927345444499,80.06172306210847,97.1408782562509
96.0,85.08566131591797,3.909122882867054,77.42378046549855,92.7475421663374
95.0,86.09903350830078,4.213079326416041,77.84139802852533,94.35666898807622
94.0,80.66470977783203,3.9839955761970174,72.85607844848587,88.47334110717819
93.0,81.68053802490235,3.608452595346995,74.60797093802223,88.75310511178246
92.0,77.92876235961914,4.001770725368818,70.08529173789626,85.77223298134203
91.0,83.46123428344727,3.6899118831328663,76.22900699250685,90.69346157438768
90.0,90.71380447387695,3.952523499282581,82.96685841528308,98.46075053247081
89.0,88.13740661621094,4.569975905938099,79.18025384057226,97.09455939184961
88.0,93.49345672607421,4.042100773542161,85.57093920993158,101.41597424221685
87.0,89.36223526000977,4.273180900703132,80.98680069463163,97.73766982538791
86.0,88.87319274902343,4.764471171342644,79.53482925319184,98.21155624485502
85.0,83.52419891357422,4.112460705936251,75.46377592993917,91.58462189720927
84.0,82.64132995605469,4.24059789339442,74.32975808500163,90.95290182710775
83.0,77.48845520019532,3.369101893323986,70.8850154892803,84.09189491111033
82.0,77.75381042480468,4.703931040277893,68.53410558586002,86.97351526374935
81.0,80.40887878417969,4.462889652238308,71.6616150657926,89.15614250256678
80.0,80.54951507568359,3.9373771294480675,72.83225590196537,88.2667742494018
79.0,79.50134552001953,3.9905834723290448,71.6798019142546,87.32288912578446
78.0,80.90232864379882,4.356839001588217,72.36292420068592,89.44173308691173
77.0,76.51759170532226,4.292954229090604,68.10340141630468,84.93178199433984
76.0,74.9883869934082,3.9438124841132667,67.2585145245462,82.7182594622702
75.0,73.50492286682129,4.094239240869617,65.48021395471685,81.52963177892573
74.0,77.12848114013671,4.861724911263249,67.59950031406075,86.65746196621268
73.0,76.84274856567383,3.9308044800241206,69.13837178482655,84.54712534652111
72.0,75.59585235595704,4.2915432904124335,67.18442750674866,84.00727720516541
71.0,76.2650178527832,4.603699672588699,67.24176649450935,85.28826921105706
70.0,71.95597564697266,4.3845459614677935,63.362265562495786,80.54968573144953
69.0,67.58758567810058,4.0342257322569095,59.68050324287704,75.49466811332412
68.0,69.19383934020996,4.881335309129816,59.626422134315526,78.7612565461044
67.0,67.21931625366211,3.4312239350851126,60.49411734089529,73.94451516642893
66.0,66.4538973236084,4.072864400034236,58.4710830995413,74.4367115476755
65.0,66.79194313049317,4.145959146290021,58.66586320376472,74.9180230572216
64.0,60.88636985778808,3.372672510464911,54.275931737276856,67.4968079782993
63.0,58.82330078125,3.688826317917,51.593201198132675,66.05340036436732
62.0,58.87766609191895,3.0308357304252613,52.937228060285435,64.81810412355246
61.0,56.711213455200195,3.3863837572563478,50.07390129097775,63.34852561942264
60.0,57.1940087890625,3.77658043651978,49.79191113348373,64.59610644464126
59.0,55.21426193237305,3.3688740082508426,48.6112688762014,61.8172549885447
58.0,55.36695640563965,3.620179025046092,48.27140551654931,62.46250729472999
57.0,55.77057121276855,3.7602015764707986,48.40057612288579,63.140566302651315
56.0,51.71167594909668,3.9192479040817987,44.02995005709636,59.393401841097
55.0,48.22189392089844,3.947534247301903,40.484726796186706,55.95906104561017
54.0,48.44133316040039,2.896896340392382,42.76341633323132,54.11924998756946
53.0,49.20187759399414,3.816863839254796,41.72082446905474,56.68293071893354
52.0,48.16518463134766,3.3393092378084996,41.620138525243,54.710230737452314
51.0,44.85195472717285,4.0402384735969346,36.93308731892286,52.77082213542285
50.0,43.38481483459473,2.95947378736787,37.5842462113537,49.185383457835755
49.0,45.86534545898437,3.5027499783956038,38.99995550132899,52.73073541663975
48.0,43.98889312744141,3.690751636392383,36.75501992011234,51.222766334770476
47.0,39.68115768432617,4.054225974095738,31.734874775098525,47.62744059355382
46.0,38.40226299285889,3.6384549778649515,31.270891236243582,45.53363474947419
45.0,36.732174987792966,3.3310876112596675,30.20324326972402,43.26110670586191
44.0,35.79472270965576,3.391873875729727,29.146649913225495,42.44279550608602
43.0,34.344500885009765,3.8938094538189483,26.712634355524628,41.9763674144949
42.0,36.54998516082764,3.344081601641753,29.9955852216098,43.10438510004548
41.0,36.297568550109865,3.248393473344341,29.930717342354956,42.66441975786478
40.0,36.51127288818359,3.7109733587366827,29.237765105059694,43.78478067130749
39.0,33.206206245422365,3.517542319828294,26.31182329855891,40.100589192285824
38.0,31.17394962310791,3.8790867148714456,23.570939661959876,38.77695958425594
37.0,31.798561058044434,3.905975798956543,24.142848492089612,39.454273623999256
36.0,30.494211463928224,3.6494768014596226,23.341236933067364,37.64718599478908
35.0,27.356247863769532,3.8744966142894275,19.762234499762254,34.95026122777681
34.0,27.32558177947998,3.5268513220884437,20.41295318818663,34.23821037077333
33.0,26.419011573791504,3.696485160349804,19.17390065950589,33.66412248807712
32.0,26.116174430847167,3.7900333490221674,18.68770906676372,33.54463979493062
31.0,24.478875160217285,3.10620185630624,18.390719521857054,30.567030798577516
30.0,23.748570175170897,3.7196585775040956,16.45803936326287,31.039100987078925
29.0,22.315472717285157,3.6294954238650248,15.20166168650971,29.429283748060605
28.0,22.10314395904541,3.5440166720140045,15.156871281897963,29.04941663619286
27.0,21.79026891708374,3.876259275359733,14.192800737378663,29.38773709678882
26.0,22.177377853393555,4.288260596183057,13.772387084874763,30.582368621912345
25.0,18.940933513641358,3.7970941052891742,11.498629067274576,26.383237960008138
24.0,19.101832885742187,3.1775934647049016,12.87374969492058,25.329916076563794
23.0,16.135547828674316,3.4787590356606715,9.317180118779401,22.95391553856923
22.0,14.927963027954101,3.614031244151115,7.844461789417916,22.011464266490286
21.0,14.079079151153564,3.915973055589587,6.4037719621979745,21.754386340109154
20.0,14.281780891418457,3.8343548794657445,6.766445327665598,21.797116455171317
19.0,12.802112317085266,4.387848449269363,4.201929356517315,21.402295277653216
18.0,12.510425701141358,3.1406650563260223,6.354722190742354,18.666129211540362
17.0,12.697690982818603,3.2021796352414724,6.421418897745317,18.973963067891887
16.0,12.736588153839111,3.316400323348708,6.236443520075643,19.23673278760258
15.0,11.761574091911315,4.843538523721084,2.2682385854179916,21.254909598404637
14.0,10.61560537815094,3.8247013520892903,3.1191907280559317,18.11202002824595
13.0,9.263776688575744,3.566935819820762,2.272582481727051,16.254970895424435
12.0,9.703694145679474,3.6865877595830945,2.4779821368966095,16.929406154462338
11.0,5.990322942733765,3.8349007366544057,-1.5260825011088706,13.5067283865764
10.0,6.66106805562973,3.5780101525311383,-0.3518318433313006,13.673967954590761
9.0,7.644044680595398,3.430468986096847,0.9203254678455774,14.367763893345218
8.0,5.940525839328766,3.5681779554670796,-1.05310295338671,12.93415463204424
7.0,4.657017323970795,4.154135515982843,-3.4850882873555786,12.799122935297168
6.0,4.137288386821747,4.0053296898941175,-3.7131578053707237,11.987734579014218
5.0,2.509619470834732,4.121938890848854,-5.569380755229023,10.588619696898487
4.0,2.295572216510773,4.593691665591372,-6.708063448048317,11.299207881069862
3.0,2.1831039357185364,4.154693248016456,-5.960094830393718,10.326302701830791
2.0,1.331735417842865,4.238033706551348,-6.974810646997777,9.638281482683507
1.0,-0.3248268580436707,4.622658808405706,-9.385238122518857,8.735584406431514
0.0,-0.6777643704414368,3.9675671398601127,-8.454195964567258,7.098667223684385
125.0,122.04066833496094,5.492063262187897,111.27622434107266,132.80511232884922
125.0,120.2872477722168,4.8593566025239285,110.7629088312699,129.8115867131637
125.0,121.81742126464843,5.115832380723269,111.79038979843082,131.84445273086604
125.0,121.6669010925293,4.920596373343318,112.0225322007764,131.3112699842822
125.0,121.95230529785157,5.263080006048643,111.63666848599622,132.2679421097069
125.0,121.93420516967774,4.571235714298631,112.97458316965242,130.89382716970306
125.0,123.32126953125,4.973304884766714,113.57359195710724,133.06894710539277
125.0,121.98207290649414,5.550065082249666,111.1039453452848,132.8602004677035
125.0,121.6973226928711,5.695178352775938,110.53477312143026,132.85987226431195
125.0,117.03401153564454,5.14968332787354,106.9406322130124,127.12739085827667
125.0,117.73486343383789,5.043206477144868,107.85017873863394,127.61954812904183
125.0,118.14012100219726,4.227872563391961,109.85349077794902,126.4267512264455
125.0,119.65019790649414,5.004713624531269,109.84095920241285,129.45943661057544
125.0,119.21185028076172,4.999527847022454,109.41277570059772,129.01092486092574
125.0,117.97578079223632,5.688994482451457,106.82535160663147,129.12620997784117
125.0,120.18397521972656,5.196485598278665,109.99886344710038,130.36908699235275
125.0,121.05885192871094,4.9823034638562,111.29353713955278,130.82416671786908
125.0,122.35851425170898,5.056325270628629,112.44811672127688,132.2689117821411
125.0,121.91279907226563,5.023607088844548,112.06652917813031,131.75906896640095
125.0,122.49553924560547,5.51601461378405,111.68415060258873,133.3069278886222
125.0,121.69092544555664,4.598064226676502,112.6787195612707,130.7031313298426
125.0,119.87840713500977,5.757715997775246,108.59328377937028,131.16353049064924
125.0,120.44450180053711,5.775024473143139,109.12545383317656,131.76354976789767
125.0,120.13360244750976,5.3509768031536025,109.6456879133287,130.62151698169083
125.0,120.18996887207031,4.967283367630592,110.45409347151435,129.92584427262628
125.0,120.51868591308593,4.642659249760943,111.41907378355448,129.61829804261737
125.0,121.80982864379882,5.630605096084252,110.77384265547369,132.84581463212396
125.0,122.36627792358398,5.156455878059913,112.25962440258655,132.4729314445814
125.0,121.90190719604492,4.699303053681593,112.691273210829,131.11254118126084
125.0,120.10541259765625,5.08627044922535,110.13632251717456,130.07450267813795
125.0,119.78167053222656,5.6463705399188235,108.71478427398566,130.84855679046746
125.0,120.09751510620117,5.275502283769204,109.75753063001353,130.43749958238882
125.0,121.47558074951172,6.047779707282051,109.6219325232389,133.32922897578453
125.0,120.50118881225586,5.541797681043357,109.63926535741088,131.36311226710083
125.0,119.77115356445313,5.096818613628308,109.78138908174165,129.7609180471646
125.0,121.15453262329102,6.244829680303726,108.91466644989572,133.39439879668632
125.0,120.95120513916015,5.727861490857624,109.72459661707921,132.1778136612411
125.0,120.19303649902344,6.1292831167792645,108.17964159013607,132.2064314079108
125.0,121.04421585083008,5.038965411569883,111.16784364415311,130.92058805750705
125.0,121.45796997070312,4.381142726265144,112.87093022722344,130.0450097141828
125.0,122.16970336914062,5.426090351149865,111.53456628088688,132.80484045739436
125.0,122.49106719970703,5.639917562229751,111.43682877773672,133.54530562167736
125.0,122.48803009033203,5.123506179514419,112.44595797848378,132.5301022021803
125.0,120.36225372314453,4.89263618724563,110.77268679614309,129.95182065014598
125.0,121.99774169921875,5.144539458913715,111.91444435974788,132.08103903868962
125.0,121.82577987670898,5.782031955099084,110.49299724471477,133.15856250870317
125.0,121.30379989624024,4.841541167633585,111.81437920767841,130.79322058480207
125.0,122.82988174438476,5.531679439035962,111.98779004387428,133.67197344489526
125.0,122.07030990600586,4.625017022239336,113.00527654241677,131.13534326959496
125.0,118.49825271606446,5.141247985603748,108.42140666428111,128.5750987678478
125.0,119.48200866699219,5.747955082513482,108.21601670526576,130.74800062871861
125.0,123.3490364074707,5.706136184192788,112.16500948645285,134.53306332848857
125.0,119.11863082885742,5.294891163486827,108.74064414842324,129.4966175092916
125.0,119.28618438720703,4.529427878751932,110.40850574485324,128.16386302956082
125.0,123.32200241088867,3.992484462187254,115.49673286500166,131.14727195677568
125.0,122.08711639404297,4.6384813239467375,112.99569299910736,131.17853978897858
125.0,118.80962829589843,4.632329952815562,109.73026158837993,127.88899500341694
125.0,121.24340408325196,5.2668038131408,110.920468609496,131.56633955700792
125.0,122.1080485534668,5.296571218064481,111.72676896606042,132.48932814087317
125.0,120.59021270751953,4.971029018445052,110.84699583136722,130.33342958367183
125.0,121.21647598266601,5.969014344702018,109.51720786705006,132.91574409828198
125.0,120.7754719543457,4.202266526460004,112.5390295624841,129.0119143462073
125.0,119.24464782714844,4.956154508738356,109.53058499002127,128.95871066427563
125.0,120.85854782104492,4.799973393977915,111.45059996884821,130.26649567324165
125.0,120.52716888427734,4.888169502788428,110.94635665881202,130.10798110974267
125.0,119.03121536254883,5.846727241737636,107.57162996874307,130.4908007563546
125.0,121.8824658203125,4.635473382877173,112.79693798987324,130.96799365075177
125.0,119.59319869995117,5.450085485691164,108.9110311479965,130.27536625190587
125.0,120.08715744018555,4.907605146470302,110.46825135310375,129.70606352726733
125.0,120.8011344909668,6.054673367068549,108.93397469151245,132.66829429042116
125.0,119.40982345581055,4.749968507939836,110.09988518024848,128.71976173137264
125.0,119.43642623901367,4.215942262016368,111.17317940546158,127.69967307256576
125.0,118.69600814819336,4.641518159345321,109.59863255587652,127.7933837405102
125.0,119.93632278442382,4.359192765661129,111.39230496372801,128.48034060511964
125.0,119.16233779907226,5.0868794255562255,109.19205412498206,129.13262147316246
125.0,118.51245330810546,5.980632783121106,106.7904130531881,130.23449356302282
125.0,120.05455810546874,5.747822042664759,108.78882690184582,131.32028930909166
125.0,120.78663711547851,4.357830403221466,112.24528952516444,129.32798470579257
125.0,121.16166915893555,5.115345815058149,111.13559136142158,131.18774695644953
125.0,120.11219039916992,4.379584092092575,111.52820557866848,128.69617521967137
125.0,121.35865524291992,5.02349668718122,111.51260173604473,131.20470874979512
125.0,117.87939086914062,5.891611607759781,106.33183211793146,129.4269496203498
125.0,116.74252807617188,5.606811576403323,105.75317738642137,127.73187876592239
125.0,117.82728942871094,4.80768464010737,108.4042275341005,127.25035132332138
125.0,118.81027755737304,5.228732456890202,108.56196194186825,129.05859317287783
125.0,120.44105239868163,5.004475888407805,110.63227965740234,130.24982513996093
125.0,120.50484329223633,4.561630333169722,111.56404783922368,129.44563874524897
125.0,121.00234664916992,4.591935834120929,112.00215241429291,130.00254088404694
125.0,120.7639549255371,5.409308892134941,110.16170949695262,131.3662003541216
125.0,117.11811126708984,5.503399302537051,106.33144863411722,127.90477390006247
125.0,117.62441955566406,4.718759351829936,108.3756512260774,126.87318788525073
125.0,115.34065139770507,4.867727354645389,105.7999057826001,124.88139701281004
125.0,115.48630416870117,4.767389796448694,106.14222016766172,124.83038816974062
125.0,117.31569213867188,4.543339098172818,108.41074750625316,126.2206367710906
125.0,112.72968841552735,4.424787922968254,104.05710408650957,121.40227274454513
125.0,111.9582827758789,5.558609466821828,101.06340822090812,122.85315733084968
125.0,104.62302047729492,4.023171071432961,96.73760517728631,112.50843577730352
125.0,109.75030670166015,4.402293223963588,101.12181198269151,118.37880142062879
125.0,109.41116027832031,5.950684639677758,97.7478183845519,121.07450217208871
125.0,107.00240020751953,4.269641329059503,98.6339032025629,115.37089721247615
125.0,104.14480651855469,4.673747461098248,94.98426149480213,113.30535154230725
125.0,107.86247467041015,4.6900036408551316,98.6700675343341,117.05488180648621
125.0,106.38470123291016,4.8293602568611576,96.9191551294623,115.85024733635802
125.0,104.4445864868164,4.783279490228643,95.06935868596827,113.81981428766454
125.0,102.77705123901367,5.117430975632331,92.7468865267743,112.80721595125304
125.0,99.13622680664062,4.423313699123036,90.46653195635947,107.80592165692177
125.0,104.39583450317383,5.199241756538078,94.20532066035919,114.58634834598847
125.0,105.10043014526367,5.281455090341654,94.74877816819404,115.45208212233331
125.0,106.45850646972656,5.102975865160623,96.45667377401173,116.46033916544138
125.0,110.46459564208985,4.651172369925577,101.34829779703571,119.58089348714398
125.0,105.84840194702149,5.03228039743576,95.9851323680474,115.71167152599557
125.0,104.80326095581054,4.796497789705671,95.40212528798743,114.20439662363366
125.0,105.74209655761719,3.7786592886048607,98.33592435195166,113.14826876328272
125.0,105.26368728637695,4.713534282458054,96.02516009275917,114.50221447999473
125.0,106.0141471862793,5.34849300195312,95.53110090245119,116.49719347010742
125.0,108.77778381347656,4.077513697238246,100.7858569668896,116.76971066006352
125.0,108.28726501464844,4.773012366113722,98.93216077706555,117.64236925223133
125.0,99.28948852539062,4.372395128725324,90.71959407308898,107.85938297769226
125.0,95.76190719604492,5.189845006181252,85.58981098392967,105.93400340816017
124.0,93.81628067016601,4.2271299899354355,85.53110588989256,102.10145545043946
123.0,95.15388626098633,4.550274813565135,86.23534762639866,104.07242489557399
122.0,83.09083160400391,3.875642132114464,75.49457302505957,90.68709018294825
121.0,80.51413070678711,4.129616961355029,72.42008146253126,88.60817995104297
120.0,84.89382232666016,4.480360899751582,76.11231496314706,93.67532969017326
119.0,89.06796447753906,3.7542411602629175,81.70965180342375,96.42627715165438
118.0,94.4581819152832,5.261443265124339,84.14575311563951,104.7706107149269
117.0,94.67682540893554,5.3013389536053666,84.28620105986903,105.06744975800206
116.0,94.26025299072266,5.029654366250168,84.40213043287233,104.118375548573
115.0,91.82380920410156,4.811050521729753,82.39415018151125,101.25346822669188
114.0,92.16897674560546,4.0566756642867245,84.21789244360349,100.12006104760744
113.0,95.1381332397461,3.764786051950969,87.7591525779222,102.51711390157
112.0,105.3382925415039,5.167891488266642,95.20922522450128,115.46735985850653
111.0,110.08652145385742,5.030502606691116,100.22673634474283,119.946306562972
110.0,114.08447494506837,4.861099937234288,104.55671906808917,123.61223082204756
109.0,111.98031478881836,4.7882271903968965,102.59538949564045,121.36524008199628
108.0,112.17047012329101,4.787474537639972,102.78702002951667,121.55392021706535
107.0,104.73240692138671,5.378225091755422,94.19108574154609,115.27372810122733
106.0,109.67484313964843,4.67631567034469,100.50926442577284,118.84042185352402
105.0,99.51300323486328,5.245859457206778,89.23111869873799,109.79488777098857
104.0,88.30947479248047,4.600834673586539,79.29183883225086,97.32711075271008
103.0,83.04275482177735,4.731450669680004,73.76911150920455,92.31639813435015
102.0,79.27729202270508,4.081515910657356,71.27752083781667,87.2770632075935
101.0,77.51877792358398,4.726673098827976,68.25449864988116,86.78305719728681
100.0,77.79521331787109,3.4768744888788023,70.98053931966864,84.60988731607354
99.0,74.08305328369141,3.9907758298736407,66.26113265713907,81.90497391024375
98.0,69.19767066955566,4.1420793822269415,61.07919508039086,77.31614625872047
97.0,65.48141189575195,3.724190922139391,58.18199768835874,72.78082610314516
96.0,65.45533187866211,3.5606244861011263,58.4765078859039,72.43415587142032
95.0,62.19299530029297,3.1797573172380615,55.96067095850637,68.42531964207957
94.0,63.869922103881834,3.1011663914136314,57.79163597671111,69.94820823105255
93.0,64.9203491973877,3.7253854526784007,57.61859371013803,72.22210468463736
92.0,69.1142660522461,4.069950692332155,61.13716269527507,77.09136940921712
91.0,73.6626889038086,4.241651931571064,65.34905111792932,81.97632668968788
90.0,78.67386657714843,4.84114450213343,69.18522335296691,88.16250980132995
89.0,79.03767532348633,4.243535761152359,70.7203452316277,87.35500541534495
88.0,77.6870199584961,4.468037707108999,68.92966605256245,86.44437386442974
87.0,81.13482543945312,4.182335357303957,72.93744813913737,89.33220273976887
86.0,76.33999801635743,4.757115555980725,67.01605152663521,85.66394450607964
85.0,73.4079182434082,4.177239968030511,65.2205279060684,81.59530858074801
84.0,71.11553527832031,3.390045044221118,64.47104699164692,77.7600235649937
83.0,70.39905937194824,3.823154521936759,62.90567650895219,77.89244223494428
82.0,67.4561710357666,3.8922949137851526,59.8272730047477,75.08506906678551
81.0,62.93829917907715,3.7474379327402008,55.59332083090636,70.28327752724795
80.0,63.08663528442383,3.548065743597921,56.132426426971904,70.04084414187575
79.0,60.863602294921876,4.393694589946498,52.25196089862674,69.47524369121702
78.0,61.853387680053714,2.919977661270825,56.1302314639629,67.57654389614453
77.0,60.42037590026855,4.154026404688542,52.27848414707901,68.5622676534581
76.0,59.16781883239746,3.826061753815916,51.668737794918265,66.66689986987666
75.0,57.542009887695315,3.641461811384223,50.40474473738224,64.6792750380084
74.0,58.955509185791016,3.452963707729418,52.187700318641355,65.72331805294067
73.0,59.221476821899415,3.0582715867527592,53.22726451186401,65.21568913193482
72.0,57.61345550537109,3.7922167418865693,50.18071069127342,65.04620031946877
71.0,53.076729736328126,3.8922713440437584,45.44787790200236,60.70558157065389
70.0,51.59185928344726,4.069708096838092,43.6152314136446,59.568487153249926
69.0,56.74084976196289,3.8477392562160677,49.199280819779396,64.28241870414638
68.0,53.46777053833008,3.4926020528087394,46.62227051482495,60.31327056183521
67.0,56.81511589050293,3.665029828141086,49.631657427346404,63.99857435365946
66.0,60.13560668945313,4.023529109748121,52.24948963434681,68.02172374455944
65.0,57.8179460144043,4.198266070848358,49.58934451554152,66.04654751326709
64.0,57.909199447631835,2.8040814749923477,52.41319975664683,63.40519913861684
63.0,57.01935371398926,4.351503677058084,48.490406506955416,65.5483009210231
62.0,56.28299354553223,3.6317316062299354,49.164799597321554,63.4011874937429
61.0,53.23736625671387,3.368744742678237,46.63462656106452,59.84010595236322
60.0,50.96024673461914,3.9857137524973973,43.148247779724244,58.77224568951404
59.0,51.94872688293457,3.9453785301578974,44.215784963825094,59.68166880204405
58.0,51.97694694519043,3.593840158384178,44.933020234757436,59.02087365562342
57.0,49.370345764160156,2.9042052773213074,43.67810342061039,55.06258810770992
56.0,51.34059997558594,3.621756701820291,44.24195684001817,58.43924311115371
55.0,48.30075813293457,3.7893727211150514,40.87358759954907,55.72792866632007
54.0,48.50918067932129,3.5094551439798325,41.63064859712082,55.38771276152176
53.0,45.566519317626955,3.2044092495536143,39.28587718850187,51.84716144675204
52.0,42.45726219177246,4.401107882076456,33.8310907429026,51.08343364064231
51.0,43.60410179138184,3.544455206748186,36.65696958615539,50.55123399660828
50.0,42.774717483520504,3.271135693033051,36.363291525175725,49.18614344186528
49.0,41.524720458984376,3.8517436646072434,33.97530287635418,49.074138041614574
48.0,40.06353469848633,3.9061824763062956,32.40741704492599,47.719652352046666
47.0,39.81806762695312,2.8052923529292926,34.31969461521171,45.31644063869454
46.0,36.73029605865479,4.129728259525325,28.63602866998515,44.82456344732442
45.0,34.82258514404297,3.665736004581555,27.637742575063122,42.007427713022814
44.0,33.433354225158695,2.821821742054114,27.90258361073263,38.964124839584755
43.0,34.4579931640625,3.7121150992510694,27.182247569530404,41.7337387585946
42.0,32.58294345855713,3.7281299975721396,25.27580866331574,39.89007825379853
41.0,31.15161334991455,3.4780681411408514,24.334599793278482,37.96862690655062
40.0,31.0019815826416,3.956550451520343,23.24714269766173,38.75682046762147
39.0,33.39379337310791,2.64000133295026,28.2193907605254,38.56819598569042
38.0,31.487857398986815,3.2723979649639254,25.073957387657522,37.90175741031611
37.0,29.881351280212403,3.5892319980095104,22.846456564113762,36.91624599631104
36.0,28.877399444580078,3.6021941464671134,21.817098917504538,35.93769997165562
35.0,28.72380271911621,2.8927269559809545,23.05405788539354,34.39354755283888
34.0,27.364804153442382,3.598092969830027,20.312541932575527,34.417066374309236
33.0,26.21125576019287,3.7590743929560593,18.843469949998994,33.57904157038675
32.0,29.78959545135498,3.8678386358428,22.208631725103093,37.370559177606864
31.0,27.33488996505737,3.644020388981136,20.192610002654344,34.477169927460395
30.0,24.263312187194824,3.8895289450311528,16.639835454933767,31.88678891945588
29.0,22.785613422393798,3.488447531885674,15.948256259897878,29.622970584889718
28.0,23.720141677856446,3.7388753746358785,16.391945943570125,31.048337412142768
27.0,24.022455635070802,3.3002352889487465,17.553994468731258,30.490916801410346
26.0,22.163292560577393,3.7346508587069738,14.843376877511723,29.483208243643062
25.0,20.16865306854248,3.145823239865947,14.002839518405223,26.334466618679734
24.0,22.354813652038573,4.061024919663975,14.395204809497182,30.314422494579965
23.0,20.518926525115965,3.8424203049709633,12.987782727372878,28.050070322859053
22.0,20.134575634002687,3.007301477635017,14.240264737838054,26.02888653016732
21.0,18.863794841766357,3.00736226125925,12.969364809698227,24.758224873834486
20.0,16.624671001434326,3.1018369564907666,10.545070566712424,22.704271436156226
19.0,15.0300931930542,3.299146303872208,8.563766437464672,21.496419948643727
18.0,15.209403820037842,3.1290018431741276,9.076560207416552,21.342247432659132
17.0,13.752838249206542,3.4501594267489266,6.990525772778646,20.515150725634438
16.0,14.831154766082763,3.3362082042699828,8.292186685713597,21.370122846451928
15.0,14.503252716064454,3.7715866559191054,7.110942870463007,21.8955625616659
14.0,13.074535369873047,3.2486056861794346,6.707268224961355,19.44180251478474
13.0,10.020828495025635,3.208459146326403,3.7322485682258852,16.309408421825385
12.0,7.835998077392578,3.4200765152348858,1.1326481075322015,14.539348047252954
11.0,7.7137677860260006,3.606742957496905,0.6445515893320666,14.782983982719934
10.0,7.066356294155121,3.9199783771851693,-0.6168013251278115,14.749513913438053
9.0,6.446607666015625,3.6295332998082275,-0.6672776016085002,13.56049293363975
8.0,5.587278273105621,3.6294508493983586,-1.5264453917151615,12.701001937926403
7.0,3.808189911842346,2.9391679179176755,-1.9525792072762975,9.56895903096099
6.0,4.741409273147583,2.7467823289056237,-0.6422840915074399,10.125102637802605
5.0,1.7826127743721008,3.765122327260507,-5.597026987058492,9.162252535802693
4.0,0.9763026452064514,3.6081481615911173,-6.0956677515121385,8.048273041925041
3.0,-0.473048141002655,3.6752809706283776,-7.676598843434275,6.730502561428964
2.0,1.4135655450820923,3.782568831567741,-6.00026936479068,8.827400454954864
1.0,0.6033910369873047,3.643879453822509,-6.538612692504812,7.745394766479422
0.0,-1.3238023138046264,4.214654969747222,-9.584526054509183,6.9369214268999295
125.0,118.13161819458008,4.548599569371479,109.21636303861199,127.04687335054818
125.0,120.05017776489258,5.096851780232836,110.06034827563622,130.04000725414895
125.0,119.17468505859375,4.559424549706825,110.23821294116837,128.11115717601913
125.0,116.41304946899415,5.58098135502228,105.47432601315047,127.35177292483782
125.0,114.59164794921875,4.7743920024260165,105.23383962446377,123.94945627397374
125.0,115.37338439941406,4.590272085767638,106.37645111130949,124.37031768751864
125.0,116.76686721801758,5.351781061487477,106.27737633750212,127.25635809853304
125.0,118.48652542114257,5.304517294190305,108.08967152452958,128.88337931775558
125.0,119.11631530761719,5.031940737957267,109.25371146122095,128.97891915401343
125.0,116.45779174804687,4.775631063933718,107.09755486273679,125.81802863335696
125.0,116.41908386230469,5.190549223787544,106.2456073836811,126.59256034092827
125.0,115.34074142456055,5.310164302293468,104.93281939206535,125.74866345705574
125.0,118.68632507324219,5.5899873620789995,107.72994984356735,129.64270030291704
125.0,117.48510208129883,4.91964493071187,107.84259801710357,127.1276061454941
125.0,118.66939025878906,5.318023006089602,108.24606516685344,129.0927153507247
125.0,119.81380081176758,4.776225637598846,110.45239856207384,129.1752030614613
125.0,118.73790252685546,4.773008479721876,109.38280590660058,128.09299914711033
125.0,119.87784805297852,5.703439283001551,108.69910705829548,131.05658904766156
125.0,116.88873657226563,4.509490426346306,108.05013533662687,125.72733780790439
125.0,116.47096099853516,5.418428106729447,105.85084190934545,127.09108008772488
125.0,117.53647918701172,5.060844436615029,107.61722409124627,127.45573428277717
125.0,116.27292694091797,4.415914279487036,107.61773495312337,124.92811892871256
125.0,117.73761871337891,5.190859825421246,107.56353345555327,127.91170397120455
125.0,117.94191024780274,4.5509303558470355,109.02208675034255,126.86173374526292
125.0,118.71203247070312,5.852503082980431,107.24112642806148,130.18293851334477
125.0,120.08301040649414,4.886621483189457,110.50523229944281,129.66078851354547
125.0,120.0291958618164,5.50489498663987,109.23960168800225,130.81879003563054
125.0,121.44488510131836,4.57258009122483,112.4826281225177,130.40714208011903
125.0,121.81270217895508,5.43444463016357,111.16119070383448,132.46421365407568
125.0,120.93439071655274,4.6378610029863925,111.84418315069941,130.02459828240606
125.0,117.81808624267578,5.061069284564161,107.89839044493002,127.73778204042154
125.0,120.51188903808594,5.890449906241357,108.96660722185288,132.057170854319
125.0,122.42738677978515,5.031347752567514,112.56594518475282,132.28882837481748
125.0,118.40288513183594,5.997666980088306,106.64745785086286,130.15831241280904
125.0,117.34855941772462,5.4448292505697315,106.67669408660794,128.0204247488413
125.0,121.25517181396485,5.3939311149559295,110.68306682865122,131.82727679927848
125.0,120.53267654418946,5.569351651033402,109.616747308164,131.44860578021493
125.0,120.33972106933594,5.107848948247177,110.32833713077147,130.3511050079004
125.0,120.38256378173828,5.197614176330305,110.19523999613088,130.5698875673457
125.0,120.90074417114258,5.73426410715022,109.66158652112814,132.139901821157
125.0,120.44644729614258,4.692559567890175,111.24903054307784,129.6438640492073
125.0,119.62601516723633,6.051083419934308,107.76589166416508,131.48613867030758
125.0,117.70266891479493,4.87813206022217,108.14153007675947,127.26380775283039
125.0,115.91170043945313,5.807075264862077,104.52983292032346,127.2935679585828
125.0,120.75742004394532,4.83082471329319,111.28900360589067,130.22583648199998
125.0,119.42806472778321,5.2510982528224215,109.13591215225127,129.72021730331517
125.0,120.1539405822754,4.918559571770109,110.51356382160598,129.79431734294482
125.0,116.4059538269043,5.069614796758813,106.46950882525702,126.34239882855157
125.0,116.80811645507812,5.545814564292873,105.93831990906409,127.67791300109215
125.0,119.0118618774414,5.265918688541128,108.69066124790079,129.333062506982
125.0,120.45504516601562,4.823328795176193,111.00132072747029,129.90876960456097
125.0,119.98538009643555,4.472540805338174,111.21920011797273,128.75156007489838
125.0,118.1196371459961,4.823536168252325,108.66550625622153,127.57376803577066
125.0,120.84584167480469,5.721358823280001,109.63197838117588,132.0597049684335
125.0,120.46095123291016,5.1470955187768554,110.37264401610753,130.5492584497128
125.0,119.29954727172851,4.963789697774777,109.57051946408995,129.02857507936707
125.0,121.62653228759766,5.713852352663024,110.42738167637813,132.82568289881718
125.0,118.1800390625,4.889683416684786,108.59625956579782,127.76381855920218
125.0,117.17938552856445,5.1740911951327835,107.0381667861042,127.3206042710247
125.0,116.11192504882813,5.467939616589444,105.39476340031281,126.82908669734344
125.0,116.81225692749024,5.433821767703906,106.16196626279059,127.46254759218989
125.0,117.53797515869141,5.4567423006175,106.8427602494811,128.23319006790172
125.0,119.34762985229492,4.654039232132889,110.22571295731446,128.4695467472754
125.0,118.07129409790039,5.831922755909704,106.64072549631737,129.5018626994834
125.0,117.41195983886719,5.513788373683535,106.60493462644746,128.21898505128692
125.0,118.00738525390625,6.016896354246171,106.21426839958376,129.80050210822876
125.0,118.02333984375,4.89126313331263,108.43646410245724,127.61021558504275
125.0,118.67038787841797,4.312152801109415,110.21856838824351,127.12220736859243
125.0,115.90402542114258,5.363155668261878,105.3922403113493,126.41581053093586
125.0,116.99038177490235,4.672311080846587,107.83265205644304,126.14811149336165
125.0,115.48931503295898,4.76152645076316,106.1567231894632,124.82190687645478
125.0,114.75828628540039,4.9075370808526575,105.13951360692919,124.37705896387159
125.0,117.00107162475587,5.61214315052566,106.00127104972557,128.00087219978616
125.0,114.13334548950195,5.182630280632831,103.9753901394616,124.2913008395423
125.0,113.75203491210938,4.670711311987896,104.59744074061311,122.90662908360565
125.0,112.77131500244141,5.014872068594933,102.94216574799535,122.60046425688748
125.0,111.60729141235352,5.231125690267798,101.35428505942863,121.8602977652784
125.0,110.95595840454102,5.697456737790222,99.78894319847218,122.12297361060986
125.0,114.88150634765626,5.574055161475749,103.95635823116379,125.80665446414872
125.0,111.12717041015625,4.6581621811970315,101.99717253501007,120.25716828530244
125.0,112.7113230895996,5.430576718287547,102.06739272175601,123.3552534574432
125.0,105.37776916503907,4.566648927658273,96.42713726682885,114.32840106324929
125.0,94.58992202758789,4.132060688494745,86.49108307813819,102.68876097703759
125.0,98.3046208190918,4.293648264556167,89.8890702205617,106.72017141762188
125.0,111.44082321166992,4.376524863496574,102.86283447921664,120.0188119441232
125.0,116.73730407714844,5.769690794675435,105.42871011958458,128.04589803471228
125.0,100.9702833557129,5.563693216064728,90.06544465222603,111.87512205919975
125.0,96.08520141601562,4.13500020697075,87.98060101035296,104.18980182167829
125.0,105.61128631591797,4.654310909787707,96.48883693273406,114.73373569910187
125.0,111.51240768432618,5.102483865237963,101.51153930845977,121.51327606019258
125.0,117.32820510864258,4.44705833165818,108.61197077859255,126.0444394386926
125.0,117.38472061157226,4.9305673966595975,107.72080851411945,127.04863270902507
125.0,117.98159042358398,4.625502666990043,108.9156051962835,127.04757565088447
125.0,117.1874919128418,5.3041298897865845,106.79139732886009,127.5835864968235
125.0,118.78471420288086,5.2207866621062475,108.55197234515262,129.0174560606091
125.0,119.40700408935547,5.234169404126299,109.14803205726793,129.665976121443
125.0,118.00260055541992,4.821213597191334,108.5530219049249,127.45217920591493
125.0,119.77004791259766,4.113056945164805,111.70845630007464,127.83163952512068
125.0,119.47267578125,4.231059913645993,111.17979835050386,127.76555321199615
125.0,118.65716995239258,4.947741381828803,108.95959684400813,128.35474306077703
125.0,116.33793853759765,4.815129821337451,106.90028408777624,125.77559298741906
125.0,117.46426071166992,4.887701942755437,107.88436490386927,127.04415651947058
125.0,119.0748370361328,6.526592588684414,106.28271556231135,131.86695850995426
125.0,119.9149853515625,5.145002856066218,109.83077975367272,129.9991909494523
125.0,119.53221633911133,4.690935032093615,110.33798367620784,128.72644900201482
125.0,119.29358428955078,5.670494975660708,108.17941413725579,130.40775444184578
125.0,119.16816284179687,5.65996954718234,108.07462252931948,130.26170315427424
125.0,118.90880325317383,5.045761912480712,109.01910990471163,128.79849660163603
125.0,118.5932862854004,4.792900458865822,109.19920138602339,127.9873711847774
125.0,116.13629837036133,5.653148076688952,105.05612814005099,127.21646860067167
125.0,114.21738601684571,5.161505020186359,104.10083617728044,124.33393585641097
125.0,115.70872619628906,5.298152906351831,105.32434649983948,126.09310589273865
125.0,118.95573028564453,5.715981767712671,107.7524060209277,130.15905455036136
125.0,121.1243211364746,5.717364618217777,109.91828648476776,132.33035578818146
125.0,120.46856109619141,4.50982997912533,111.62929433710576,129.30782785527705
125.0,119.94318130493164,4.521969962817341,111.08012017780965,128.80624243205364
125.0,119.47815216064453,4.924018935231926,109.82707504758996,129.1292292736991
125.0,116.96367172241212,5.4382498862935265,106.3047019452768,127.62264149954743
125.0,114.52657333374023,4.758379084082394,105.20015032893873,123.85299633854173
125.0,114.13007217407227,6.272021724713286,101.83690959363423,126.4232347545103
125.0,116.79950119018555,4.552883748039374,107.87584904402839,125.72315333634272
125.0,118.20619827270508,5.041932683396462,108.32401021324802,128.08838633216214
125.0,115.29079513549804,4.391723793924596,106.68301649940584,123.89857377159025
125.0,117.23228332519531,4.561765430495196,108.29122308142473,126.17334356896589
125.0,118.42339553833008,4.729875404196854,109.15283974610425,127.69395133055592
125.0,120.16963226318359,4.673724685987195,111.00913187864869,129.3301326477185
125.0,116.50996368408204,4.4613865480096955,107.76564604998303,125.25428131818104
125.0,116.84926437377929,5.286837197537551,106.48706346660569,127.2114652809529
125.0,114.57976913452148,4.724135742008124,105.32046308018556,123.83907518885741
125.0,114.83115676879883,4.740577161877402,105.53962553151912,124.12268800607855
125.0,117.8581965637207,4.95069415320924,108.15483602343059,127.5615571040108
125.0,115.58405471801758,4.338051927816806,107.08147293949665,124.08663649653852
125.0,117.91075927734374,5.278414362517446,107.56506712680955,128.25645142787795
125.0,117.69427276611329,5.89090486433883,106.14809923200917,129.2404463002174
125.0,116.98208404541016,5.556963438212114,106.09043570651441,127.87373238430591
125.0,115.8582748413086,4.938726200243971,106.17837148883042,125.53817819378678
125.0,117.20688735961915,5.009737792974633,107.38780128538886,127.02597343384943
125.0,117.3988623046875,5.515315762094138,106.58884341098299,128.20888119839202
125.0,117.1587271118164,4.59128131913336,108.15981572631502,126.15763849731779
125.0,116.90687850952149,5.333105327557331,106.45399206750912,127.35976495153386
125.0,116.10272247314452,5.247743814995015,105.8171445957543,126.38830035053475
125.0,114.4160285949707,5.040154477466446,104.53732581913647,124.29473137080493
125.0,108.32223251342774,4.340708265522731,99.81444431300318,116.83002071385229
125.0,111.15066986083984,5.811948023927543,99.75925173394185,122.54208798773783
125.0,113.58436157226562,5.503434833650866,102.79762929830993,124.37109384622131
125.0,115.2640187072754,4.968642173805109,105.52548004661739,125.0025573679334
125.0,114.49760879516602,4.642539832750568,105.3982307229749,123.59698686735713
125.0,115.83628677368164,5.27263688294163,105.50191848311604,126.17065506424723
125.0,113.33098907470703,4.5883004060279005,104.33792027889235,122.32405787052171
125.0,112.7428369140625,4.4188897500869855,104.081813003892,121.40386082423299
125.0,111.67808380126954,5.373830208023788,101.1453765935429,122.21079100899617
125.0,109.29397171020508,5.486202276612168,98.54101524804524,120.04692817236493
125.0,110.3023843383789,4.925263511012764,100.64886785679388,119.95590081996392
125.0,114.1425749206543,5.9870360733105885,102.40798421696554,125.87716562434305
125.0,113.60117004394532,5.527645460737118,102.76698494090057,124.43535514699006
125.0,116.17879257202148,4.190659402082202,107.96510014394036,124.3924850001026
125.0,105.83609024047851,5.039918901303163,95.95784919392432,115.7143312870327
125.0,99.50451568603516,4.598096257539154,90.49224702125842,108.5167843508119
125.0,97.66171020507812,4.47430741299309,88.89206767561167,106.43135273454457
125.0,97.92630126953125,4.421069080213923,89.26100587231196,106.59159666675055
125.0,107.11552612304688,5.083718332453494,97.15143819143803,117.07961405465572
125.0,107.26279693603516,4.153661170454474,99.1216210419444,115.40397283012592
125.0,109.34527481079101,5.061151759128661,99.42541736289884,119.26513225868318
125.0,102.26054000854492,5.061116492979168,92.34075168230575,112.1803283347841
125.0,106.6230389404297,5.397653943297805,96.043637211566,117.2024406692934
125.0,105.43583450317382,4.659338929518758,96.30353020131706,114.56813880503059
125.0,99.44483947753906,4.78740795885441,90.06151987818441,108.82815907689371
125.0,95.94329742431641,3.9827561044493773,88.13709545959563,103.7494993890372
125.0,96.53489837646484,4.321428048047486,88.06489940229176,105.00489735063792
125.0,97.31470184326172,4.112179874325037,89.25482928958465,105.37457439693878
125.0,101.52812881469727,4.664654803073873,92.38540540067248,110.67085222872205
125.0,87.78804595947265,4.157040269339512,79.64024703156721,95.9358448873781
124.0,94.87362258911133,4.602742747535688,85.85224680394138,103.89499837428129
123.0,91.20102035522461,4.4161185036513855,82.5454280880679,99.85661262238133
122.0,83.06448013305663,4.123588060808463,74.98224753387204,91.14671273224123
121.0,86.13622039794922,3.9608583032325355,78.37293812361345,93.89950267228498
120.0,91.72295364379883,4.43133025391241,83.03754634613051,100.40836094146715
119.0,99.04366104125977,4.113225101939457,90.98173984145843,107.1055822410611
118.0,110.39072952270507,5.187256314200078,100.22370714687293,120.55775189853722
117.0,104.29306442260742,4.758744858091861,94.96592450074736,113.62020434446747
116.0,108.60280563354492,4.608328683491667,99.57048141390125,117.63512985318859
115.0,114.59577682495117,5.9436378307649775,102.94624667665181,126.24530697325054
114.0,89.29790847778321,4.24324966759313,80.98113912930067,97.61467782626575
113.0,92.12908676147461,4.775271888290541,82.76955386042515,101.48861966252407
112.0,94.1029426574707,4.6366041928845645,85.01519843941696,103.19068687552445
111.0,89.07104827880859,3.9313183843516954,81.36566424547927,96.77643231213791
110.0,89.59156524658204,4.560058555171009,80.65385047844686,98.52928001471722
109.0,95.67239624023438,4.617281290669754,86.62252491052166,104.72226756994709
108.0,94.65352279663085,4.330961059537294,86.16483911993775,103.14220647332395
107.0,92.37592803955079,4.617645192703182,83.32534346185255,101.42651261724902
106.0,89.73029510498047,3.927667702575561,82.03206640793238,97.42852380202856
105.0,79.15364456176758,4.230449631753299,70.86196328353111,87.44532584000405
104.0,72.81234504699707,4.1385690069677805,64.70074979334022,80.92394030065391
103.0,77.64193862915039,4.364331545078275,69.08784880079696,86.19602845750381
102.0,78.85986358642577,4.137264652478134,70.75082486756864,86.96890230528291
101.0,82.49465606689454,3.725557993041975,75.19256240053227,89.7967497332568
100.0,84.51045532226563,3.6173704072241404,77.42040932410632,91.60050132042494
99.0,101.95603713989257,4.601180484838921,92.9377233896083,110.97435089017685
98.0,79.80843994140625,4.427406387934621,71.1307234210544,88.4861564617581
97.0,70.05472457885742,3.5974205894173705,63.00378022359937,77.10566893411547
96.0,73.85435791015625,3.662668170541951,66.67552829589403,81.03318752441848
95.0,74.34640213012695,4.0084289260572445,66.48988143505474,82.20292282519915
94.0,76.4498501586914,3.923325121354513,68.76013292083655,84.13956739654625
93.0,62.8831135559082,3.3412699727208923,56.33422440937525,69.43200270244115
92.0,63.18575820922852,3.405501959823652,56.51097436797416,69.86054205048288
91.0,68.81505142211914,3.6204084027120813,61.719050952803464,75.91105189143482
90.0,77.57860321044922,3.775072433449809,70.17946124088759,84.97774518001084
89.0,96.79673217773437,4.437469728447776,88.09929150997672,105.49417284549202
88.0,97.87061737060547,4.30636500458916,89.43014196161072,106.31109277960023
87.0,93.2063980102539,4.901337028660214,83.59977743407988,102.81301858642793
86.0,83.37076248168945,4.609893880892233,74.33537047514068,92.40615448823823
85.0,72.52019432067871,4.073199653293353,64.53672300022374,80.50366564113368
84.0,77.39809188842773,3.6673341950092073,70.21011686620969,84.58606691064577
83.0,63.229844665527345,3.607888089130142,56.158384010832265,70.30130532022243
82.0,60.38268623352051,3.330633886072991,53.85464381681744,66.91072865022358
81.0,54.47958824157715,3.5492985809706887,47.5229630228746,61.436213460279696
80.0,49.570769729614256,3.9456623677820546,41.83727148876143,57.30426797046708
79.0,46.334891662597656,3.0858302011657845,40.28666446831272,52.38311885688259
78.0,50.27052925109863,2.4704355270547063,45.4284756180714,55.11258288412586
77.0,48.879902038574215,3.894707143447674,41.24627603741678,56.51352803973165
76.0,50.89240478515625,2.9852447800712953,45.04132501621651,56.74348455409599
75.0,56.2018327331543,3.5007987003021417,49.3402672805621,63.06339818574649
74.0,58.45115303039551,3.3440373873029423,51.896839751281746,65.00546630950927
73.0,62.53043106079102,3.5995959246859304,55.47522304840659,69.58563907317544
72.0,67.29080314636231,3.1056648303672327,61.20370007884253,73.37790621388208
71.0,67.13486679077148,3.7829541789746486,59.72027659998117,74.54945698156179
70.0,57.641283111572264,2.8496149104782127,52.05603788703497,63.22652833610956
69.0,62.35042068481445,3.7100684412245073,55.07868654001442,69.62215482961449
68.0,65.8734211730957,4.487165732171885,57.078576338038815,74.6682660081526
67.0,67.0635939025879,4.494148835511761,58.255062184984844,75.87212562019094
66.0,66.85366752624512,4.255535685264564,58.512817583126576,75.19451746936366
65.0,70.27929206848144,3.3443039964889585,63.72445623536308,76.8341279015998
64.0,69.40763397216797,3.8803093460007347,61.80222765400653,77.01304029032941
63.0,67.19475616455078,2.9922800946692547,61.329887178999044,73.05962515010252
62.0,61.67240310668945,3.729878374414862,54.36184149283632,68.98296472054258
61.0,62.86600059509277,4.122708072980338,54.78549277205131,70.94650841813423
60.0,60.89097442626953,3.7732600656546444,53.495384697586424,68.28656415495263
59.0,56.75878753662109,3.1630600678036753,50.559189803725886,62.9583852695163
58.0,57.73151374816894,3.3886283564200634,51.08980216958562,64.37322532675226
57.0,62.03561126708984,3.5935248791852823,54.99230250388669,69.07892003029299
56.0,58.061030883789066,3.5581718778490012,51.08701400320503,65.0350477643731
55.0,60.02669822692871,3.4608080489106,53.24351445106393,66.80988200279349
54.0,58.09873886108399,3.396045118292657,51.44249042923038,64.7549872929376
53.0,52.794631500244144,3.2344938473809806,46.45502355937742,59.134239441110864
52.0,53.509178924560544,3.416750959109428,46.812347044706065,60.20601080441502
51.0,54.75537948608398,4.41786235389407,46.096369272451604,63.41438969971636
50.0,49.55867820739746,3.8620831552419257,41.98899522312329,57.12836119167164
49.0,49.403345565795895,4.03484343639654,41.49505243045868,57.31163870113311
48.0,49.4325634765625,3.83316007634322,41.91956972692979,56.94555722619521
47.0,40.703646697998046,3.2235659489260313,34.385457438103025,47.02183595789307
46.0,39.605860290527346,3.4644368161303434,32.81556413091187,46.39615645014282
45.0,35.00774257659912,3.462220652186516,28.221790098313548,41.793695054884694
44.0,36.21337547302246,3.4838079769451604,29.385111838209944,43.041639107834975
43.0,34.80753910064697,3.3005073496193478,28.338544695393047,41.27653350590089
42.0,33.29619968414307,3.64459604800118,26.152791430060756,40.43960793822538
41.0,30.907676544189453,3.528269480508075,23.992268362393627,37.82308472598528
40.0,32.89250240325928,3.3459596904772684,26.334421409923834,39.45058339659472
39.0,30.4648819732666,3.377615070546552,23.844756434995357,37.08500751153784
38.0,30.78932155609131,2.9216068929525596,25.062972045904292,36.51567106627833
37.0,31.114555473327638,2.810633629441045,25.60571355962319,36.623397387032085
36.0,28.714944381713867,2.9812059266873474,22.871780765406665,34.558107998021065
35.0,29.415857200622558,3.9848202751804336,21.60560946126891,37.22610493997621
34.0,31.367073211669922,3.6055956648165,24.30010570862958,38.434040714710264
33.0,29.21543800354004,2.9055407142837426,23.520578203543906,34.910297803536174
32.0,26.51369661331177,3.882400987059164,18.904190678675807,34.12320254794773
31.0,26.402842559814452,3.3271368446342726,19.881654344331277,32.924030775297624
30.0,26.685104484558106,3.70641659209518,19.420527964051555,33.94968100506466
29.0,25.77702964782715,3.575331059902719,18.76938077041782,32.78467852523648
28.0,26.95077907562256,3.122432034654856,20.83081228769904,33.07074586354608
27.0,25.85091361999512,3.730928517070821,18.53829372653631,33.16353351345393
26.0,24.061885833740234,3.2221871682643806,17.74639898394205,30.377372683538418
25.0,23.266426010131838,3.4741956865759405,16.457002464442994,30.07584955582068
24.0,22.9598641204834,3.4792278491830486,16.140577536084624,29.779150704882174
23.0,22.535869884490968,3.3002954106908438,16.067290879536912,29.004448889445023
22.0,20.0956756401062,3.762269820750521,12.72162679143518,27.469724488777224
21.0,17.233447914123534,3.7714242885011076,9.841456308661364,24.625439519585704
20.0,17.687413806915284,3.587563256471219,10.655789824231695,24.71903778959887
19.0,15.553858890533448,3.564166022652852,8.568093486133858,22.539624294933038
18.0,15.660993022918701,3.391899388983118,9.01287022051179,22.309115825325613
17.0,15.469722499847412,3.677214849975621,8.262381393895195,22.67706360579963
16.0,11.517456359863282,3.3258314981960413,4.998826623399041,18.036086096327523
15.0,14.961113395690917,3.318266883964744,8.45731030312002,21.464916488261814
14.0,15.414514923095703,2.9428840958186937,9.646462095291064,21.182567750900343
13.0,14.764467124938966,3.5891194240957938,7.72979305371121,21.799141196166723
12.0,14.02455020904541,3.1513254275860043,7.8479523709768415,20.20114804711398
11.0,8.579087657928467,3.8559530754904374,1.0214196299672098,16.136755685889725
10.0,8.728351807594299,3.9015359765527275,1.0813412935509534,16.375362321637645
9.0,6.119173350334168,3.864867472220063,-1.4559668952171556,13.694313595885491
8.0,4.969522562026977,3.5782444361672585,-2.0438365328608494,11.982881656914804
7.0,1.7568627047538756,3.5548723314679664,-5.210687064923339,8.724412474431091
6.0,1.773428235054016,3.5582908186323547,-5.200821769465399,8.747678239573432
5.0,0.6603697204589843,3.3289045433444517,-5.864283184496141,7.18502262541411
4.0,1.3760378098487853,3.6299645343924816,-5.738692677560478,8.490768297258048
3.0,-0.4358220648765564,3.5346481949734634,-7.363732527024545,6.492088397271432
2.0,0.8275069046020508,4.250667439474475,-7.503801276767919,9.158815085972021
1.0,-0.29730703830718996,2.9567328634828534,-6.092503450733583,5.497889374119202
0.0,-1.5409820103645324,4.197536791863238,-9.768154122416478,6.686190101687414
125.0,119.76315887451172,5.727474090197198,108.5373096577252,130.98900809129822
125.0,119.86568145751953,5.603885506991187,108.8820658638168,130.84929705122227
125.0,118.26218521118165,5.029142639646,108.40506563747549,128.11930478488782
125.0,119.08568710327148,5.543774183597122,108.21988970342112,129.95148450312183
125.0,117.57195465087891,4.6505445164819985,108.4568873985742,126.68702190318362
125.0,121.88847854614258,4.456033970543481,113.15465196387736,130.6223051284078
125.0,122.3822282409668,5.329372752960175,111.93665764516486,132.82779883676875
125.0,122.39474319458007,5.621154388491279,111.37728059313717,133.412205796023
125.0,121.90964263916015,4.84300213973899,112.41735844527173,131.40192683304858
125.0,122.13284622192383,5.924867415669468,110.52010608721167,133.74558635663598
125.0,120.08279586791993,5.686303787634494,108.93764044415632,131.22795129168352
125.0,121.74174926757813,4.417003283893452,113.08442283114697,130.3990757040093
125.0,120.97246978759766,6.393337485784056,108.44152831546091,133.5034112597344
125.0,120.46554580688476,5.966619527467904,108.77097153304767,132.16012008072187
125.0,120.37104553222656,4.48344676074406,111.5834898811682,129.15860118328493
125.0,121.45975341796876,5.320108054426207,111.03234163129339,131.88716520464413
125.0,116.51634994506836,5.849841063278414,105.05066146104267,127.98203842909405
125.0,118.13987670898437,5.134752148561633,108.07576249780357,128.20399092016518
125.0,121.0928044128418,5.544047531198137,110.22647125169345,131.95913757399015
125.0,120.72312973022461,4.1930362886638735,112.50477860444342,128.9414808560058
125.0,121.49249267578125,5.847385948377743,110.03161621696087,132.95336913460162
125.0,121.91352783203125,4.165199236556986,113.74973732837955,130.07731833568295
125.0,121.19341613769531,5.4253746984218125,110.55968172878856,131.82715054660207
125.0,120.45384017944336,5.103845176639209,110.4503036332305,130.45737672565622
125.0,119.71428085327149,4.320640758619661,111.24582496637696,128.18273674016604
125.0,120.12401458740234,5.318452790561506,109.6998471179018,130.5481820569029
125.0,121.4697332763672,4.4904266078029975,112.66849712507332,130.27096942766107
125.0,122.67867095947265,5.042399490633662,112.79556795783068,132.56177396111462
125.0,120.45625778198242,4.942442342653885,110.7690707903808,130.14344477358404
125.0,120.18471496582032,5.157129486113568,110.07674117303773,130.2926887586029
125.0,115.85156539916993,4.733320294186044,106.57425762256528,125.12887317577457
125.0,117.87676239013672,4.622126950589298,108.81739356698169,126.93613121329174
125.0,116.02845443725586,6.1188861990781,104.03543748706278,128.02147138744894
125.0,117.1983560180664,3.24646595208968,110.83528275197064,123.56142928416217
125.0,117.52053268432617,5.2710420285436435,107.18929030838063,127.8517750602717
125.0,117.55375839233399,5.559655828614233,106.65683296825009,128.4506838164179
125.0,118.97485076904297,4.885649548659114,109.39897765367111,128.55072388441482
125.0,120.64850723266602,4.74824996203704,111.34193730707342,129.95507715825863
124.0,119.16167098999023,4.642236596699977,110.06288726045827,128.2604547195222
123.0,118.1534230041504,4.769023903531818,108.80613615322804,127.50070985507276
122.0,118.81927947998047,5.146088506618488,108.73294600700822,128.9056129529527
121.0,117.69348831176758,5.396171378437179,107.1169924100307,128.26998421350444
120.0,116.79580978393555,4.9643244300991505,107.06573390094121,126.5258856669299
119.0,118.0700144958496,4.106541637672485,110.02119288601153,126.11883610568768
118.0,119.2044448852539,4.61021147709346,110.16843039015072,128.2404593803571
117.0,119.34178649902344,4.78743347653017,109.9584168850243,128.72515611302256
116.0,114.8715771484375,4.571767588850116,105.91091267429127,123.83224162258372
115.0,118.8807844543457,5.156947118337285,108.77316810240463,128.9884008062868
114.0,119.8691813659668,5.15992678862294,109.75572486026583,129.98263787166775
113.0,119.64552734375,5.570811287940661,108.72673721938631,130.5643174681137
112.0,119.94302719116212,4.343887572078,111.42900754988923,128.457046832435
111.0,117.0588932800293,6.013915086274052,105.27161971093216,128.84616684912643
110.0,119.57462615966797,5.333806185153103,109.12036603676789,130.02888628256807
109.0,119.99791610717773,5.202554460457232,109.80090936468156,130.1949228496739
108.0,119.98025131225586,5.098777981297867,109.98664646891204,129.9738561555997
107.0,119.53841751098633,5.327939954182096,109.09565520078942,129.98117982118325
106.0,117.90590499877929,4.735109162489201,108.62509104030046,127.18671895725812
105.0,117.24879409790039,4.948324352606065,107.5500783667925,126.94750982900827
104.0,116.76429733276368,5.792335685424795,105.41131938933108,128.11727527619627
103.0,119.63104751586914,5.532734162972914,108.78688855644224,130.47520647529606
102.0,118.74051025390625,5.3148887862401635,108.32332823287553,129.15769227493698
101.0,121.10891036987304,3.9719793888232484,113.32383076777948,128.89398997196662
100.0,119.10444442749024,5.945215560350896,107.45182192920248,130.757066925778
99.0,119.72196838378906,5.3155189089727255,109.30355132220252,130.1403854453756
98.0,116.26747650146484,5.537976108378626,105.41304332904274,127.12190967388695
97.0,116.68132690429688,4.77021199660405,107.33171139095295,126.03094241764082
96.0,118.79289291381836,5.2607108764780195,108.48189959592145,129.10388623171528
95.0,120.97142486572265,4.783142738165299,111.59646509891867,130.34638463252665
94.0,118.20332168579101,4.865565023686653,108.66681423936517,127.73982913221685
93.0,120.33796096801758,5.328773157525186,109.89356557926823,130.78235635676694
92.0,119.33270675659179,5.067535622097419,109.40033693728085,129.26507657590273
91.0,122.63847320556641,4.786410754378247,113.25710812698505,132.01983828414777
90.0,121.24520889282226,5.575386626216677,110.31745110543757,132.17296668020694
89.0,118.5557453918457,4.845034609549417,109.05947755712884,128.05201322656256
88.0,119.46488082885742,5.2495053904280775,109.17585026361839,129.75391139409646
87.0,121.365595703125,5.061194522293328,111.44565443943007,131.2855369668199
86.0,120.3303907775879,5.224682007382227,110.09001404311873,130.57076751205705
85.0,119.00622817993164,5.490718691662368,108.2444195442734,129.76803681558988
84.0,116.7420849609375,5.6194001360983465,105.72806069418475,127.75610922769026
83.0,115.29190719604492,5.2689426051121515,104.9647796900251,125.61903470206474
82.0,114.25041931152344,4.689418843290548,105.05915837867397,123.44168024437292
81.0,114.07490600585938,4.186094185287663,105.87016140269556,122.2796506090232
80.0,115.34363876342773,4.736090037678399,106.06090228957807,124.6263752372774
79.0,113.60958374023437,3.7499969518221197,106.25958971466302,120.95957776580572
78.0,115.1417137145996,4.876519596105128,105.58373530623355,124.69969212296566
77.0,113.89152359008789,4.590418303772553,104.89430371469368,122.8887434654821
76.0,113.57723693847656,4.566814819558169,104.62627989214255,122.52819398481057
75.0,115.29160537719727,5.013110872631196,105.46590806684013,125.11730268755441
74.0,109.04193969726562,5.212767671871859,98.82491506039678,119.25896433413446
73.0,109.87752365112304,5.191349395309013,99.70247883631738,120.0525684659287
72.0,105.84856399536133,4.842854744157039,96.35656869681354,115.34055929390912
71.0,107.65801940917969,5.490798396320013,96.89605455239246,118.41998426596692
70.0,109.04531768798829,4.689767320781973,99.85337373925562,118.23726163672096
69.0,107.85933319091797,4.636896606837123,98.7710158415172,116.94765054031873
68.0,110.26694778442383,4.968345110700892,100.52899136745009,120.00490420139758
67.0,108.45760757446288,4.639612269626966,99.36396752599403,117.55124762293174
66.0,103.02303009033203,4.156794260132433,94.87571334047246,111.1703468401916
65.0,97.98201919555665,4.047933136982638,90.04807024707067,105.91596814404262
64.0,95.01817596435546,4.744815779046147,85.71833703742502,104.31801489128591
63.0,91.81950271606445,3.6243909663588947,84.71569642200102,98.92330901012788
62.0,86.93344985961915,4.248258767999504,78.60686267434012,95.26003704489817
61.0,85.57905776977539,4.260930985143634,77.22763303889387,93.93048250065691
60.0,87.62545303344727,3.8190765402955864,80.14006301446793,95.11084305242662
59.0,85.21333404541015,4.705734898928334,75.99009364351062,94.43657444730968
58.0,80.53944732666015,3.916795638256676,72.86252787567707,88.21636677764323
57.0,73.1053660583496,4.054190884312456,65.15915192509719,81.05158019160201
56.0,68.0045701599121,3.5542009774396734,61.03833624413035,74.97080407569386
55.0,70.54130264282226,2.719727965883568,65.21063582969046,75.87196945595406
54.0,65.68940765380859,4.098203154340974,57.65692947130028,73.7218858363169
53.0,65.12203987121582,4.1318200207766145,57.02367263049366,73.22040711193799
52.0,62.465301513671875,3.52460785195831,55.55707012383359,69.37353290351017
51.0,62.96977745056152,4.144201638796216,54.84714223852094,71.0924126626021
50.0,65.48621223449707,3.902543015513321,57.83722792409097,73.13519654490318
49.0,64.44645561218262,3.5168406674125423,57.55344790405403,71.3394633203112
48.0,61.54029930114746,3.792159219961875,54.10766723002219,68.97293137227274
47.0,62.4351001739502,4.259942316291108,54.085613234019625,70.78458711388078
46.0,63.92890853881836,3.893396188192529,56.297852009961005,71.55996506767572
45.0,60.93886787414551,3.7083977866150786,53.670408212379954,68.20732753591106
44.0,56.531567153930666,3.2879010842079013,50.08728102888318,62.97585327897815
43.0,56.32233840942383,3.8104476995211747,48.85386091836233,63.79081590048533
42.0,50.016343688964845,3.5581727464113593,43.04232510599858,56.99036227193111
41.0,48.611995239257816,3.974093059559337,40.822772842521516,56.401217635994115
40.0,47.044183044433595,3.3245769302262977,40.52801226119005,53.56035382767714
39.0,45.533105087280276,3.895354501679023,37.89821026398939,53.16799991057116
38.0,42.626709365844725,4.322806503777276,34.15400861844127,51.09941011324818
37.0,42.58302093505859,3.8080472000733065,35.11924842291491,50.046793447202276
36.0,43.32546142578125,3.2407475012559757,36.97359632331954,49.67732652824296
35.0,42.69358436584473,3.6717990876320723,35.496858154085864,49.89031057760359
34.0,39.55979736328125,3.7013996777399134,32.30505399491102,46.814540731651476
33.0,39.72984710693359,3.3493206577964543,33.16517861765254,46.29451559621464
32.0,38.89465881347656,2.685154188003788,33.631756604989135,44.157561021963986
31.0,37.71269096374512,3.0423079746644266,31.749767333402843,43.67561459408739
30.0,35.49902442932129,3.4367358387653777,28.76302218534115,42.23502667330143
29.0,33.70881462097168,2.783467336409483,28.253218641609095,39.164410600334264
28.0,34.231909675598146,4.081512517778909,26.232145140751484,42.23167421044481
27.0,33.017406158447265,3.936943443177711,25.300997009818953,40.73381530707558
26.0,30.95859615325928,4.513966958305633,22.111220914980237,39.80597139153832
25.0,28.336270217895507,3.519882076852276,21.437301347265045,35.235239088525965
24.0,27.884317321777345,3.4220434277215133,21.17711220344318,34.59152244011151
23.0,24.94651851654053,3.864926514659675,17.371262547807568,32.52177448527349
22.0,23.228685302734377,3.5158478280940053,16.337623559670128,30.119747045798626
21.0,21.99985569000244,3.235179492718266,15.65890388427464,28.340807495730242
20.0,23.00009271621704,3.418207808967107,16.30040541064151,29.69978002179257
19.0,21.664177322387694,3.7323493247290784,14.3487726459187,28.979581998856688
18.0,19.649479904174804,4.189562229778984,11.437937933807996,27.861021874541613
17.0,15.961823024749755,3.7417016945178974,8.628087703494677,23.29555834600483
16.0,18.59133876800537,3.517885117374415,11.696283937951518,25.486393598059223
15.0,15.635036544799805,3.1756167938088256,9.410827628934506,21.859245460665104
14.0,14.64164384841919,3.5546793458574486,7.67447233053859,21.608815366299787
13.0,13.1549019241333,3.9189515453074377,5.473756895330722,20.836046952935877
12.0,12.431149692535401,3.6915823029408177,5.1956483787713985,19.666651006299404
11.0,10.432984323501588,3.6803105514852406,3.2195756425905158,17.64639300441266
10.0,10.136906599998474,3.7782664662279077,2.731504326191775,17.542308873805172
9.0,8.979244413375854,3.368808392268362,2.376379964529865,15.582108862221844
8.0,8.553893587589265,3.597099501531496,1.5035785645875333,15.604208610590996
7.0,6.5301597213745115,4.369634573469589,-2.034324042625883,15.094643485374906
6.0,6.557622263431549,3.887006690806894,-1.0609108505499627,14.17615537741306
5.0,4.091777868270874,3.9318329994472463,-3.614614810645728,11.798170547187476
4.0,1.9540634989738463,4.267615581798753,-6.41046304135171,10.318590039299403
3.0,1.385017261505127,3.56430211925002,-5.601014892224912,8.371049415235166
2.0,1.797821513414383,4.306408146789444,-6.642738454292927,10.238381481121692
1.0,-1.754280903339386,4.407089635993215,-10.392176589886088,6.883614783207315
0.0,-1.544393948316574,3.8459426065146793,-9.082441457085345,5.993653560452198
116.0,115.16021118164062,5.5979038227054065,104.18831968913803,126.13210267414321
115.0,118.06507400512696,4.757368262290499,108.74063221103758,127.38951579921634
114.0,117.76340042114258,5.226177098703436,107.52009330768384,128.0067075346013
113.0,118.36099731445313,4.016935495215881,110.48780374383,126.23419088507626
112.0,113.40597946166992,5.028646277434858,103.54983275789759,123.26212616544224
111.0,114.16217086791993,5.243450475443978,103.88500793604973,124.43933379979012
110.0,113.3376449584961,5.470609885758083,102.61524958241026,124.06004033458194
109.0,113.34100173950195,5.389543558080068,102.77749636566502,123.90450711333888
108.0,115.36715515136719,5.2869299566152685,105.00477243640125,125.72953786633312
107.0,116.55297622680663,5.43976110451416,105.89104446195888,127.21490799165439
106.0,116.22628799438476,5.092486729675438,106.2450140042209,126.20756198454862
105.0,111.72510147094727,4.655400002650466,102.60051746575235,120.84968547614218
104.0,111.89766250610352,4.410247253801236,103.2535778886531,120.54174712355393
103.0,111.16508880615234,4.760678085396449,101.8341597587753,120.49601785352938
102.0,106.22061981201172,4.426827370366436,97.5440381660935,114.89720145792994
101.0,108.38637603759766,4.3832065540629666,99.79529119163425,116.97746088356106
100.0,106.6904379272461,4.851681054586322,97.1811430602569,116.19973279423529
99.0,108.40370803833008,4.558417343708753,99.46921004466093,117.33820603199923
98.0,111.0546078491211,4.089783473922482,103.03863224023303,119.07058345800917
97.0,111.95064163208008,5.360622302071643,101.44382192001966,122.4574613441405
96.0,114.82922912597657,4.992287308331088,105.04434600164764,124.6141122503055
95.0,114.29441162109374,4.323458995315779,105.82043199027481,122.76839125191267
94.0,114.26611358642577,4.254630012677133,105.92703876157859,122.60518841127296
93.0,104.91555709838867,5.533022966257599,94.07083208452379,115.76028211225356
92.0,95.44991271972657,4.256217483596262,87.1077264518779,103.79209898757524
91.0,92.44835830688477,5.1693522080178544,82.31642797916977,102.58028863459977
90.0,91.73246368408203,4.674574017577343,82.57029860963044,100.89462875853363
89.0,93.85946701049805,4.828744108253613,84.39512855832098,103.32380546267512
88.0,99.11729202270507,4.809166696532419,89.69132529750154,108.54325874790861
87.0,100.26139801025391,5.029141372802264,90.40428091956147,110.11851510094635
86.0,98.16054580688477,5.053024023153197,88.25661872150451,108.06447289226503
85.0,99.57789352416992,4.80970364503817,90.15087437989511,109.00491266844473
84.0,97.21664352416992,4.643518618536419,88.11534703183854,106.31794001650131
83.0,97.88941116333008,4.5849522789423585,88.90290469660306,106.8759176300571
82.0,96.66732696533204,3.981097225498989,88.86437640335402,104.47027752731006
81.0,100.08125396728515,5.02282132205343,90.23652417606043,109.92598375850987
80.0,96.2786572265625,4.5898968522594945,87.28245939613389,105.27485505699111
79.0,97.32814239501953,5.377581365213018,86.78808291920201,107.86820187083704
78.0,98.1068278503418,4.618062212014863,89.05542591479266,107.15822978589094
77.0,106.38307052612305,4.914793172043314,96.75007590891815,116.01606514332795
76.0,107.89239883422852,4.726646795525866,98.62817111499781,117.15662655345922
75.0,110.94711364746094,5.2227182186266266,100.71058593895275,121.18364135596913
74.0,112.47041290283204,5.605723512481717,101.48319481836788,123.4576309872962
73.0,103.31014907836914,4.6700018627566,94.1569454273662,112.46335272937208
72.0,87.68364044189452,4.496599727454446,78.87030497608382,96.49697590770523
71.0,87.61895263671875,4.806753305450945,78.1977161580349,97.0401891154026
70.0,83.57576263427734,4.385174742770019,74.98082013844811,92.17070513010657
69.0,82.58936721801757,3.5086906235221655,75.71233359591413,89.46640084012101
68.0,88.58412811279297,4.171184551056123,80.40860639272297,96.75964983286296
67.0,95.33374267578125,4.440435343882395,86.63048940177175,104.03699594979075
66.0,92.17771438598633,3.9057607532613083,84.52242330959417,99.8330054623785
65.0,75.98070632934571,3.5925327251290327,68.93934218809281,83.0220704705986
64.0,69.36257164001465,3.7002005175442667,62.11017862562789,76.61496465440142
63.0,68.38385307312012,3.5242671775302905,61.476289405160756,75.29141674107949
62.0,71.57803833007813,3.389097134402294,64.93540794664963,78.22066871350663
61.0,68.22333526611328,3.502401724593087,61.35862788591083,75.08804264631573
60.0,71.95065460205078,3.8532902288591258,64.39820575348689,79.50310345061466
59.0,78.0230793762207,3.7958539795690025,70.58320557626546,85.46295317617596
58.0,86.22206771850585,4.3492480221668,77.69754159505892,94.74659384195279
57.0,81.26667205810547,2.61767415628148,76.13603071179377,86.39731340441718
56.0,83.52381271362304,4.456352651171995,74.78936151732593,92.25826390992016
55.0,75.49770614624023,3.6869592608989086,68.27126599487838,82.72414629760209
54.0,64.25968406677246,3.9097820763748117,56.59651119707783,71.9228569364671
53.0,60.63011337280273,3.0911416656974082,54.57147570803581,66.68875103756966
52.0,63.93130516052246,3.87960292515743,56.3272834272139,71.53532689383103
51.0,60.2587287902832,3.3830920783299736,53.627868316756455,66.88958926380995
50.0,58.486608047485355,4.282836662156557,50.092248189658505,66.8809679053122
49.0,56.46261817932129,3.9882405550202127,48.64566669148167,64.2795696671609
48.0,63.94563110351562,3.269244807672755,57.537911280477026,70.35335092655423
47.0,61.190757751464844,3.8256727312974657,53.69243919812181,68.68907630480788
46.0,61.594279556274415,3.675443499854173,54.39041029656023,68.7981488159886
45.0,61.02142669677735,3.4709824809875074,54.21830103404183,67.82455235951286
44.0,57.83976196289063,3.412199427930206,51.151851084147424,64.52767284163383
43.0,60.30669273376465,3.158688762144155,54.115662759962106,66.49772270756719
42.0,57.702788848876956,3.595686114523876,50.65524406441016,64.75033363334376
41.0,54.196823806762694,3.0673045371875176,48.18490691387516,60.20874069965023
40.0,54.5431827545166,3.7964696417643697,47.10210225665843,61.98426325237477
39.0,48.77305320739746,3.025650784698164,42.84277766938906,54.70332874540586
38.0,43.15115753173828,3.3890240586331624,36.50867037681728,49.79364468665928
37.0,40.26232627868652,3.1000478698259917,34.18623245382758,46.33842010354547
36.0,38.961339683532714,2.6810737288267203,33.70643517503234,44.21624419203309
35.0,34.86957683563232,3.182387571129517,28.63209719621847,41.10705647504618
34.0,32.73181282043457,2.616798907138769,27.602886962442582,37.86073867842656
33.0,35.67182838439941,2.5916219800849762,30.592249303432858,40.751407465365965
32.0,34.16973224639892,3.018514399738817,28.25344402291084,40.086020469887
31.0,33.78825965881347,3.0166141340491515,27.875695956077138,39.70082336154981
30.0,31.57271827697754,2.991321460228897,25.7097282149289,37.43570833902618
29.0,29.279841804504393,2.815788451389103,23.760896439781753,34.79878716922703
28.0,32.41902240753174,2.174211398733083,28.1575680660149,36.68047674904859
27.0,32.21507709503174,2.4490638268189304,27.414911994466635,37.01524219559684
26.0,25.802161026000977,3.339021000860938,19.257679864313538,32.34664218768842
25.0,25.778898429870605,3.0949797556262704,19.712738108843116,31.845058750898094
24.0,27.71213333129883,2.6436151799443777,22.530647578607848,32.89361908398981
23.0,27.27682727813721,2.8852559712219508,21.621725574542186,32.931928981732234
22.0,25.192784194946288,3.0191829499087834,19.275185613125075,31.1103827767675
21.0,25.34704246520996,3.0562097686973386,19.356871318563176,31.337213611856743
20.0,20.79862009048462,3.057893223034973,14.805149373336072,26.792090807633166
19.0,22.786871452331543,3.022588073272482,16.862598828717477,28.711144075945608
18.0,19.70023082733154,3.3707802912602203,13.09350145646151,26.306960198201573
17.0,18.23481430053711,3.0954115760012026,12.167807611574752,24.30182098949947
16.0,15.747165775299072,3.415772389853505,9.052251891186202,22.44207965941194
15.0,12.751652431488036,3.3202975013488887,6.243869328844215,19.259435534131857
14.0,12.823647785186768,3.2067953612077935,6.538328877219493,19.108966693154045
13.0,10.57901138305664,2.596832348889541,5.48921997923314,15.66880278688014
12.0,10.304928493499755,3.053529720222315,4.3200102418640185,16.289846745135492
11.0,7.920832138061524,3.4071097837112774,1.2428969619874204,14.598767314135628
10.0,6.710856666564942,3.057392001770361,0.7183683430950341,12.70334499003485
9.0,7.311991386413574,2.392654128792391,2.622389293980488,12.00159347884666
8.0,4.381070394515991,3.796060730832584,-3.059208637915874,11.821349426947855
7.0,6.816781582832337,3.5312624903577943,-0.1044928982689397,13.738056063933612
6.0,5.875175542831421,3.761449878699786,-1.4972662194201591,13.247617305083
5.0,3.259168970584869,3.452695817073127,-3.5081148308784593,10.026452772048199
4.0,3.0158133554458617,3.071028165182678,-3.003401848312187,9.03502855920391
3.0,2.1878206443786623,3.981988591467328,-5.6168769948973,9.992518283654626
2.0,1.1324912571907044,3.4584242318577885,-5.6460202372505615,7.91100275163197
1.0,-1.0232046842575073,3.1839108036119415,-7.263669859336913,5.217260490821898
0.0,-1.5708397650718688,3.1580653470209845,-7.760647845232999,4.61896831508926
125.0,120.9483724975586,4.895789652464111,111.35262477872894,130.54412021638825
125.0,119.95818862915038,4.752057125745451,110.6441566626893,129.27222059561146
125.0,117.88521255493164,4.998152343643491,108.0888339613904,127.68159114847288
125.0,118.30826721191406,4.832956128510331,108.83567320003381,127.7808612237943
125.0,117.5292172241211,4.751575135484369,108.21612995857174,126.84230448967045
125.0,119.04016479492188,5.66341487629768,107.93987163737843,130.14045795246534
125.0,120.07318481445313,5.2695985774456915,109.74477160265957,130.4015980262467
125.0,119.97372894287109,5.644912851889382,108.9096997531679,131.03775813257428
125.0,118.1549983215332,5.869545459889262,106.65068922015024,129.65930742291616
125.0,118.63290115356445,4.981508539681363,108.86914441578898,128.3966578913399
125.0,119.87447967529297,4.775687105660766,110.51413294819787,129.23482640238808
125.0,120.00442001342773,5.724650773547062,108.7841044972755,131.22473552958
125.0,116.67940811157227,5.420507362864923,106.05521368035703,127.30360254278752
125.0,118.85293563842774,5.411983925808015,108.24544714384403,129.46042413301146
125.0,117.13822906494141,4.482351386726022,108.35282034695841,125.92363778292442
125.0,117.88978881835938,6.207247948775871,105.72358283875867,130.0559947979601
125.0,117.0004379272461,5.741702235618104,105.74670154543462,128.2541743090576
125.0,118.08032913208008,5.490361525009579,107.3192205430613,128.84143772109886
125.0,120.2439079284668,4.335306008925611,111.7467081509726,128.74110770596099
125.0,117.30674606323242,5.485541148515821,106.55508541214141,128.05840671432344
125.0,115.77497497558593,4.910210372706522,106.15096264508115,125.39898730609072
124.0,118.29839385986328,5.419487732985557,107.67619790321159,128.92058981651496
123.0,118.69269729614258,5.085523954818949,108.72507034469744,128.6603242475877
122.0,118.29629608154296,5.575154737191631,107.36899279664736,129.22359936643855
121.0,119.49293563842774,5.642735290574674,108.43317446890137,130.5526968079541
120.0,120.00732376098632,4.947491931422282,110.31023957539865,129.704407946574
119.0,119.34208129882812,4.190379410546069,111.12893765415782,127.55522494349842
118.0,115.80561233520508,4.93525963825808,106.13250344421925,125.47872122619091
117.0,115.67480041503906,4.929829530133382,106.01233453597763,125.33726629410049
116.0,116.2008592224121,5.356764081226839,105.7016016232075,126.70011682161672
115.0,113.79353744506835,4.833702138492217,104.31948125362361,123.2675936365131
114.0,111.87831573486328,4.401026348304289,103.25230409218688,120.50432737753968
113.0,106.43271850585937,4.63383961965192,97.35039285134161,115.51504416037713
112.0,106.40787872314453,4.9804135718758396,96.64626812226788,116.16948932402119
111.0,112.32807220458984,5.119670036296424,102.29351893344885,122.36262547573084
110.0,116.55789413452149,4.539417242187363,107.66063633983426,125.45515192920872
109.0,120.36748413085938,5.533689838218273,109.52145204795157,131.2135162137672
108.0,119.46974868774414,5.450328065336166,108.78710567968525,130.15239169580303
107.0,119.32122161865234,5.610955469100871,108.32374889921464,130.31869433809004
106.0,119.4904946899414,5.3638257137334495,108.97739629102384,130.00359308885896
105.0,118.94450576782226,6.205940815631582,106.78086176918437,131.10814976646017
104.0,118.07847030639648,4.06829578819015,110.1046105615438,126.05233005124917
103.0,118.05876235961914,5.347843950667379,107.57698821631108,128.5405365029272
102.0,117.8693862915039,5.173487893229672,107.72935002077375,128.00942256223405
101.0,117.62624771118163,4.838497627415604,108.14279236144705,127.10970306091622
100.0,108.22798004150391,5.025166574018306,98.37865355642803,118.07730652657979
99.0,109.9594807434082,5.3956916639042865,99.3839250821558,120.53503640466062
98.0,113.6565559387207,5.719188121705042,102.44694722017881,124.86616465726259
97.0,116.25107360839844,5.1115400798078365,106.23245505197508,126.2696921648218
96.0,115.70892425537109,5.274882606258841,105.37015434710376,126.04769416363841
95.0,119.55343215942383,4.944533991679218,109.86214553573257,129.2447187831151
94.0,117.9616552734375,4.77983533415453,108.59317801849463,127.33013252838037
93.0,113.9334553527832,4.752456875728096,104.61863987635613,123.24827082921027
92.0,107.4559033203125,4.569205063321065,98.50026139620321,116.41154524442179
91.0,105.90826080322266,4.807789532636759,96.48499331925461,115.33152828719071
90.0,109.56690032958984,4.475057155630737,100.7957883045536,118.33801235462609
89.0,109.92249221801758,4.260062574360167,101.57276957227165,118.27221486376351
88.0,108.6527163696289,4.98614593192836,98.87987034304932,118.42556239620849
87.0,104.63647186279297,5.207695273246587,94.42938912722965,114.84355459835629
86.0,99.8256674194336,3.8408055171239783,92.2976886058706,107.3536462329966
85.0,93.13748901367188,4.477491745560968,84.36160519237238,101.91337283497138
84.0,86.62289611816406,5.340691845080734,76.15514010180583,97.0906521345223
83.0,84.12882751464844,5.163830777565509,74.00771919062004,94.24993583867683
82.0,80.4838966369629,3.505632200595626,73.61285752379547,87.35493575013032
81.0,83.94756866455079,4.004929439524237,76.09790696308328,91.7972303660183
80.0,87.75615280151368,4.571967510370665,78.79509648118717,96.71720912184018
79.0,88.17867111206054,4.629961028416821,79.10394749636357,97.25339472775751
78.0,79.78599105834961,3.891124934718654,72.15938618630105,87.41259593039817
77.0,77.27857055664063,4.055129325290555,69.33051707907114,85.22662403421012
76.0,73.68319808959961,3.7335003522824994,66.36553739912591,81.00085878007332
75.0,71.19293548583984,4.311694520021314,62.742014226598066,79.64385674508162
74.0,69.41287574768066,4.141400454970356,61.295730855938764,77.53002063942256
73.0,69.66530975341797,3.60093125765299,62.60748448841811,76.72313501841784
72.0,69.16395202636718,3.6410650224059418,62.027464582451536,76.30043947028283
71.0,66.01585891723633,4.234218418677584,57.71679081662826,74.3149270178444
70.0,63.935057678222655,3.9687016848450662,56.156402375926326,71.71371298051899
69.0,67.47785202026367,3.3405430106240726,60.93038771944049,74.02531632108685
68.0,70.0919645690918,4.068012338547183,62.11866038553932,78.06526875264427
67.0,79.00413177490235,4.2983155886545665,70.5794332211394,87.4288303286653
66.0,74.56553344726562,3.6877318720555086,67.33757897803683,81.79348791649441
65.0,78.41041229248047,4.499591904822493,69.59121215902839,87.22961242593256
64.0,79.80457000732422,4.197985034822906,71.57651933907133,88.0326206755771
63.0,79.08260131835938,3.769921357541985,71.69355545757709,86.47164717914167
62.0,74.56884071350098,3.3184291460508923,68.06471958724123,81.07296183976072
61.0,69.4361474609375,3.6325760733700645,62.316298357132176,76.55599656474283
60.0,60.676147079467775,3.291129716063961,54.22553283598241,67.12676132295314
59.0,59.719449310302736,3.9246217752115435,52.027190630888114,67.41170798971736
58.0,57.83112091064453,3.1642684897865503,51.62915467066289,64.03308715062617
57.0,61.51434829711914,3.7949562656296987,54.07623401648493,68.95246257775335
56.0,58.098491744995115,3.613485197474792,51.01606075794452,65.1809227320457
55.0,61.909610748291016,3.2141346678832647,55.609906799239816,68.20931469734221
54.0,59.41336036682129,3.9445456666113308,51.682050860263075,67.1446698733795
53.0,54.03464012145996,4.211759565091789,45.77959137388005,62.289688869039864
52.0,51.28646865844726,3.137540927026782,45.13688844147477,57.43604887541976
51.0,54.33647300720215,2.7480091225552674,48.950375126993826,59.72257088741048
50.0,50.55958419799805,3.0606577623122884,44.560694983865965,56.558473412130134
49.0,52.2570036315918,3.845522928901228,44.7197786909454,59.794228572238204
48.0,50.02165855407715,3.415763500041484,43.32676209399584,56.71655501415846
47.0,47.3679256439209,3.468328667160465,40.570001456286384,54.16584983155541
46.0,46.676215972900394,3.7481600203587178,39.32982233299731,54.02260961280348
45.0,44.98581550598144,3.76225653674883,37.61179269395374,52.359838318009146
44.0,42.391509552001956,3.5700636205047664,35.39418485581261,49.3888342481913
43.0,40.93431549072265,2.841848702879528,35.364292033078776,46.50433894836653
42.0,41.44893211364746,3.7295781598276974,34.13895892038517,48.758905306909746
41.0,41.39742919921875,2.6849573919044425,36.134912711086045,46.65994568735145
40.0,36.465196418762204,3.192570385369548,30.20775846343789,42.72263437408652
39.0,37.766682090759275,3.7609949687431716,30.39513195202266,45.13823222949589
38.0,35.28303714752197,3.3878326526116633,28.642885148403114,41.92318914664084
37.0,39.53291858673096,3.277732105508139,33.10856365993501,45.95727351352691
36.0,36.41916584014893,3.314183632898359,29.923365919668143,42.91496576062971
35.0,33.88547832489014,2.6374459709174456,28.716084221891943,39.05487242788833
34.0,32.13603263854981,2.9145440529821083,26.423526294704875,37.84853898239474
33.0,31.285460891723634,2.996797050725669,25.411738672301322,37.15918311114594
32.0,29.497590484619142,2.944931462668321,23.725524817789232,35.26965615144905
31.0,29.573464736938476,3.3890984814515206,22.930831713293497,36.21609776058346
30.0,30.093146286010743,3.1160380229216096,23.98571176108439,36.2005808109371
29.0,29.66467544555664,3.6145347968603603,22.580187243710334,36.749163647402945
28.0,33.60332290649414,3.9964072349580935,25.77036472597628,41.436281087012006
27.0,29.79422706604004,3.0299053232846176,23.85561263240219,35.73284149967789
26.0,29.618956680297853,3.071112060082452,23.599577042536247,35.63833631805946
25.0,27.280525283813475,3.0243960283042766,21.35270906833709,33.20834149928986
24.0,24.656174774169923,2.9028108972292177,18.966665415600655,30.34568413273919
23.0,23.2761386680603,3.392951001842471,16.625954704449057,29.926322631671546
22.0,19.868830127716066,3.673378928290223,12.669007428267228,27.068652827164904
21.0,19.871893463134764,3.1455178455278308,13.706678485900216,26.037108440369312
20.0,20.0758856010437,3.1168061993724705,13.96694545027366,26.184825751813744
19.0,17.905634880065918,3.5812815486094625,10.886323044791371,24.924946715340464
18.0,15.27276985168457,2.802953696023245,9.77898060747901,20.76655909589013
17.0,14.624719352722169,3.19616666485441,8.360232689607525,20.889206015836812
16.0,14.712552261352538,2.9141235600908786,9.000870083574416,20.42423443913066
15.0,14.107293224334716,3.2610147278840698,7.71570435768194,20.498882090987493
14.0,12.85816951751709,3.5119321168922126,5.974782568408354,19.741556466625827
13.0,13.087109513282776,3.3421628076700016,6.536470410249573,19.637748616315978
12.0,10.426565017700195,3.535989597704579,3.4960254061992204,17.35710462920117
11.0,9.992991313934326,3.434824762069955,3.2607347802772138,16.725247847591437
10.0,9.705357565879822,3.180567233527317,3.471445788166281,15.939269343593363
9.0,8.385489282608033,3.980574818519545,0.5835626383097248,16.18741592690634
8.0,8.124561796188354,3.8529493453434935,0.5727810793151074,15.676342513061602
7.0,5.429644553661347,3.444591196646746,-1.3217541917662752,12.18104329908897
6.0,3.8829082107543944,3.7101557334779596,-3.388997026862406,11.154813448371195
5.0,1.773901298046112,3.1745855488107906,-4.448286377623037,7.996088973715261
4.0,1.3869270157814027,3.1817276014514353,-4.84925908306341,7.623113114626216
3.0,0.28627039670944215,2.849324311657603,-5.2984052541394595,5.870946047558344
2.0,-1.6239750170707703,4.12033741811504,-9.699836356576249,6.451886322434707
1.0,-2.027382485866547,2.8837105925948308,-7.679455247352415,3.6246902756193218
0.0,-1.6897517347335815,3.519695652090519,-8.588355212830999,5.2088517433638355
125.0,120.26448547363282,5.465651534715069,109.55180846559128,130.97716248167436
125.0,118.76996810913086,5.563099519711161,107.86629305049698,129.67364316776474
125.0,119.23987503051758,4.5266036481297975,110.36773188018319,128.11201818085198
125.0,117.8247866821289,5.519639899705173,107.00629247870677,128.64328088555104
125.0,117.82691787719726,5.026869527179539,107.97425360392536,127.67958215046916
125.0,116.29303192138671,5.080268578157467,106.33570550819807,126.25035833457535
125.0,118.13904464721679,5.739660956869911,106.88930917175176,129.38878012268182
125.0,119.93643676757813,4.628835905569884,110.86391839266116,129.0089551424951
125.0,119.07474044799805,4.62356658414588,110.01254994307213,128.136930952924
125.0,119.6401220703125,6.190947412127003,107.50586514254357,131.77437899808143
125.0,120.10833282470703,6.121130773130366,108.11091650937152,132.10574914004255
125.0,119.87765197753906,5.034601238783319,110.00983354952376,129.74547040555436
125.0,118.6612940979004,5.172072051721873,108.52403287652552,128.79855531927527
125.0,116.41473846435547,5.259030434544554,106.10703881264814,126.72243811606279
125.0,117.23861267089843,5.105370823573014,107.23208585669532,127.24513948510155
125.0,119.22316802978516,5.423166494055124,108.59376170143712,129.8525743581332
125.0,116.34848693847657,4.619683703357877,107.29390687989513,125.403066997058
125.0,117.43089614868164,4.4044623929673214,108.79814985846569,126.06364243889759
125.0,116.87658172607422,3.881068575846446,109.26968731741519,124.48347613473325
125.0,116.2497982788086,5.339721562645011,105.78394401602438,126.71565254159282
125.0,108.86722351074219,5.502059597024974,98.08318670057324,119.65126032091115
125.0,110.24512985229492,4.474983900362523,101.47416140758438,119.01609829700547
125.0,108.91163436889649,3.7257496353909936,101.60916508353014,116.21410365426283
125.0,105.26824523925781,4.999446580981155,95.46932994053475,115.06716053798087
125.0,109.53610473632813,5.076918313260332,99.58534484233788,119.48686463031838
125.0,108.72722061157226,4.781699168966403,99.35509024039811,118.09935098274642
125.0,108.44623580932617,4.542055737133089,99.54380656454532,117.34866505410702
125.0,109.09230728149414,4.9286054658111285,99.43224056850433,118.75237399448396
125.0,107.36419494628906,3.888313878268272,99.74309974488325,114.98529014769487
125.0,107.99062774658204,5.051366151906851,98.0899500888446,117.89130540431947
125.0,109.45952087402344,4.859572460723758,99.93475885100487,118.98428289704201
125.0,109.9858187866211,4.661925143611477,100.8484455051426,119.12319206809958
125.0,110.09539993286133,6.023758962395482,98.28883236656618,121.90196749915647
125.0,113.29819885253906,4.718453824812928,104.05002935590572,122.5463683491724
125.0,117.5900015258789,5.6025297518925585,106.6090432121695,128.5709598395883
125.0,118.0202279663086,5.799111100438759,106.65397020944863,129.38648572316856
124.0,117.46198425292968,4.800243825479034,108.05350635499077,126.87046215086859
123.0,112.05313385009765,5.886549016477771,100.51549777780122,123.59076992239409
122.0,116.18755935668945,4.736188611738851,106.9046296776813,125.4704890356976
121.0,104.24153106689454,4.719566119821703,94.991181472044,113.49188066174507
120.0,99.67797729492187,4.8944048694321785,90.08494375083481,109.27101083900894
119.0,99.23004287719726,4.292328479279695,90.81707905780905,107.64300669658547
118.0,100.93501388549805,3.8727498556432596,93.34442416843726,108.52560360255885
117.0,95.1314387512207,4.715421703582392,85.88921221219921,104.37366529024219
116.0,93.81691452026367,3.8784807963116545,86.21509215949283,101.4187368810345
115.0,91.9727815246582,4.00860147007627,84.1159226433087,99.8296404060077
114.0,92.50334854125977,4.772241057874028,83.14975606782667,101.85694101469286
113.0,87.34993133544921,4.577953881485997,78.37714172773666,96.32272094316177
112.0,93.33502716064453,4.97884521681402,83.57649053568905,103.09356378560001
111.0,91.0013526916504,4.178607348005139,82.81128228956032,99.19142309374047
110.0,86.26479537963867,4.263746463036449,77.90785231208723,94.62173844719011
109.0,94.11026092529296,3.7022218194761423,86.85390615911973,101.3666156914662
108.0,100.4113362121582,4.51906971098975,91.55395957861829,109.26871284569812
107.0,93.00591979980469,3.765376463035503,85.6257819322551,100.38605766735428
106.0,98.20291595458984,4.2481616805260485,89.87651906075878,106.5293128484209
105.0,110.92401443481445,4.492252265137578,102.1191999951448,119.72882887448411
104.0,104.91937164306641,5.108962466695642,94.90580520834295,114.93293807778987
103.0,109.2914225769043,5.316102609563032,98.87186146216075,119.71098369164784
102.0,111.97573852539062,4.791283259705205,102.58482333636843,121.36665371441282
101.0,115.33300582885742,4.877391149751158,105.77331917534515,124.8926924823697
100.0,102.76789001464844,4.252072028430494,94.43382883892468,111.1019511903722
99.0,101.12102569580078,4.375231056746416,92.5455728245778,109.69647856702376
98.0,93.10864364624024,5.633365765627072,82.06724674561117,104.1500405468693
97.0,73.98721618652344,3.9552570416160022,66.23491238495608,81.7395199880908
96.0,90.33015563964844,3.8264374986733074,82.83033814224876,97.82997313704811
95.0,88.70648178100586,4.1574953003333,80.5577909923526,96.85517256965913
94.0,90.89695770263671,3.9601551125808743,83.13505368197819,98.65886172329523
93.0,90.17931060791015,4.539822905272923,81.28125771357523,99.07736350224508
92.0,89.48089431762695,4.349393919650573,80.95608223511182,98.00570640014207
91.0,97.55597274780274,4.43410087733963,88.86513502821707,106.24681046738841
90.0,91.68658081054687,4.588702689068847,82.69272353997194,100.6804380811218
89.0,89.77701797485352,4.153458427565609,81.63623945682492,97.91779649288212
88.0,97.38155120849609,4.932186512809509,87.71446564338946,107.04863677360272
87.0,96.47459701538087,4.990562956207656,86.69309362121386,106.25610040954787
86.0,103.78262985229492,5.1037694026987905,93.7792418230053,113.78601788158454
85.0,108.86771301269532,5.596206890922132,97.89914750648794,119.8362785189027
84.0,109.63555313110352,5.123770804993293,99.59296235331666,119.67814390889038
83.0,109.28894012451173,4.728054970311699,100.02195238270079,118.55592786632266
82.0,113.59954635620117,5.519566303622795,102.7811964011005,124.41789631130185
81.0,113.3362287902832,4.895196174455862,103.74164428834972,122.93081329221668
80.0,115.6856967163086,5.819315778681052,104.27983779009374,127.09155564252346
79.0,111.10306091308594,4.786268267893865,101.72197510801396,120.48414671815792
78.0,111.76217102050781,4.5722757729769095,102.80051050547307,120.72383153554254
77.0,107.18834487915039,4.493179697104787,98.38171267282502,115.99497708547577
76.0,104.50965805053711,4.549384854992165,95.59286373475247,113.42645236632175
75.0,97.89545684814453,4.820392325708802,88.44748788975528,107.34342580653379
74.0,84.49549072265626,4.334157468899405,76.00054208361342,92.99043936169909
73.0,79.15019561767578,3.8274636686586723,71.64836682710478,86.65202440824677
72.0,78.21616744995117,3.5430928662458485,71.27170543210931,85.16062946779303
71.0,77.05481887817383,4.155546860904996,68.90994703080004,85.19969072554763
70.0,88.80869888305664,4.67584886932345,79.64403509918267,97.9733626669306
69.0,83.66165817260742,4.967482331025752,73.92539280379694,93.3979235414179
68.0,85.36420196533203,4.763161407907956,76.02840560583243,94.69999832483163
67.0,81.62791320800781,4.48671595047528,72.83394994507626,90.42187647093937
66.0,84.81489273071288,4.429048647923271,76.13395738078327,93.4958280806425
65.0,81.411806640625,3.255168318040191,75.03167673726622,87.79193654398378
64.0,73.58768119812012,4.083424292485743,65.58416958484807,81.59119281139218
63.0,69.6910008239746,4.530843905458037,60.810546769276854,78.57145487867236
62.0,62.36160980224609,4.212078007420283,54.105936907702336,70.61728269678984
61.0,62.39722366333008,4.141711433505124,54.27946925366004,70.51497807300012
60.0,55.86683410644531,3.47043040238308,49.064790517774476,62.668877695116144
59.0,63.55486671447754,3.72265868379863,56.258455694232225,70.85127773472286
58.0,63.43935089111328,3.5660607689131,56.4498717840436,70.42882999818295
57.0,59.30237815856933,3.2867433725118693,52.86036114844607,65.74439516869259
56.0,61.060551681518554,3.138821659062479,54.90846122975609,67.21264213328101
55.0,55.68696823120117,3.107376389789668,49.596510507213424,61.77742595518892
54.0,54.55076713562012,3.4233043397874567,47.8410906296367,61.26044364160354
53.0,57.01181877136231,3.7957289191675994,49.572190089793814,64.45144745293081
52.0,61.08199203491211,3.5172930414458166,54.188097673678314,67.97588639614591
51.0,51.25149757385254,3.5234829695593146,44.34547095351628,58.157524194188795
50.0,47.701389923095704,2.484457384138237,42.83185345018476,52.57092639600665
49.0,49.01356575012207,3.2313719149683275,42.68007679678415,55.34705470345999
48.0,55.84477798461914,3.3555612384168314,49.267877957322156,62.42167801191613
47.0,54.861618499755856,3.6565619132346128,47.69475714981601,62.0284798496957
46.0,51.954348678588865,3.6395877161411687,44.82075675495217,59.08794060222556
45.0,47.57716552734375,3.6102400428256844,40.501095043405414,54.65323601128209
44.0,48.138732986450194,3.5677218403776934,41.14599817930991,55.131467793590474
43.0,48.975020217895505,3.7949606260746616,41.53689739078917,56.41314304500184
42.0,49.07334335327148,2.7761008326099472,43.63218572135599,54.51450098518698
41.0,48.28350677490234,4.085914278389148,40.27511478925961,56.291898760545074
40.0,43.9495645904541,3.3991222054680246,37.287285067736775,50.61184411317143
39.0,40.46919734954834,3.309015670245929,33.98352663586632,46.95486806323036
38.0,42.762371139526365,3.2841094179329073,36.325516680377866,49.199225598674865
37.0,41.30904998779297,3.430598840772791,34.5850762598783,48.033023715707635
36.0,37.0128422164917,2.9174817469697683,31.294577992430952,42.731106440552445
35.0,30.994887504577637,3.1821205139911295,24.757931297155025,37.23184371200025
34.0,28.98088680267334,3.0942225942670203,22.91621051790998,35.0455630874367
33.0,29.10150417327881,3.1329943299381746,22.960835286599988,35.24217305995763
32.0,25.61275005340576,2.964871409002016,19.80160209176181,31.423898015049712
31.0,26.09108726501465,2.541616961526287,21.109518020423128,31.072656509606173
30.0,24.43895263671875,3.1954614315226166,18.17584823093442,30.70205704250308
29.0,22.434325199127198,3.361377581102132,15.846025140167018,29.022625258087377
28.0,20.197291717529296,4.000897158280754,12.355533287299018,28.039050147759575
27.0,21.96988073348999,2.849331473904059,16.385191044638034,27.554570422341946
26.0,22.766388931274413,3.327137034373706,16.24520034390195,29.287577518646877
25.0,20.104003887176514,3.5663141505357903,13.114028152126366,27.093979622226662
24.0,23.3882216835022,3.7533243452737057,16.031705966765735,30.744737400238662
23.0,20.8357208442688,3.1982037113674235,14.56724156998865,27.10420011854895
22.0,19.886921730041504,3.507323821686052,13.012567039536842,26.761276420546167
21.0,18.720031147003173,3.2692122816436395,12.31237507498164,25.127687219024708
20.0,19.33939889907837,3.8090572020358593,11.873646783088084,26.805151015068652
19.0,19.996098117828367,3.969691988691351,12.21550181999332,27.776694415663414
18.0,15.544421520233154,3.000307426542409,9.663818964210034,21.425024076256275
17.0,14.158300113677978,3.0941268487747577,8.093811490079453,20.222788737276503
16.0,12.106708545684814,3.95141292339368,4.3619392158332015,19.851477875536425
15.0,15.947399997711182,3.0997515349076683,9.871886989292152,22.02291300613021
14.0,17.757187290191652,3.294020697108629,11.300906723858738,24.213467856524566
13.0,16.485244426727295,3.233059518826419,10.148447769827513,22.822041083627077
12.0,11.305914325714111,3.900078455600627,3.661760552736882,18.95006809869134
11.0,10.036911616325378,3.4258823758062693,3.3221821597450907,16.751641072905667
10.0,8.060874199867248,3.2356487341112405,1.7190026810092167,14.40274571872528
9.0,4.579586293697357,3.2237732087306927,-1.739009195414801,10.898181782809516
8.0,6.975584640502929,4.004346195614735,-0.8729339029019512,14.824103183907809
7.0,4.612569172382354,3.71766098537768,-2.6740463589578978,11.899184703722607
6.0,5.295381746292114,3.2490985616591073,-1.0728514345597358,11.663614927143964
5.0,2.874091968536377,3.3135357453151575,-3.6204380922813315,9.368622029354086
4.0,0.9221688342094422,2.9519675688811415,-4.863687600797595,6.7080252692164795
3.0,1.9000382614135742,3.5211005483135005,-5.0013188132808875,8.801395336108035
2.0,-0.6343738317489624,3.414972179063094,-7.327719302712626,6.058971639214701
1.0,-1.0769712400436402,3.8818334595335857,-8.685364820729468,6.531422340642187
0.0,-2.818075201511383,3.8153349241821055,-10.29613165290831,4.6599812498855435
